name,pos,team,espn_rank,adp,inj,outlook,w1,w2,w3,w4,w5,w6,w7,w8,w9,w10,w11,w12,w13,w14,w15,w16,w17,w18,k,bye,espn_pg,espn_games,gp,pts,rol,tgt,car,tsh,snap,nfe_pg,prior_pg,pg,miss,games,vor,vs_espn,my_rank,pos_rank,gap
Jahmyr Gibbs,RB,DET,1,1.81,ACTIVE,"Jahmyr Gibbs will aim to keep things rolling as the Lions take on the Jets in Week 3. Gibbs finished with huge numbers once again in Week 2, but most of his output came from six catches for 61 yards and a touchdown. The superstar running back has seen high volume so far, with 56 touches for 299 scrimmage yards and three touchdowns to his name this season. He'll face a Jets defense that's been tough against the run in its first two games, but New York hasn't faced anyone of Gibbs' caliber.",22.43018192,24.1565459,25.34054301,25.8739406,25.97896084,0.0,25.21150671,24.18660444,26.51448152,24.24468467,25.1398204,26.69856446,25.57058883,26.12845353,23.27285921,26.33779978,25.75636955,24.30661432,jahmyr gibbs,6,25.44679839642857,14,2.0,28.450000000000003,25.233359307472433,6.5,22.5,0.169365721997301,0.7849999999999999,19.6,22.523399198214285,23.065391220065912,0.0,14.0,154.27244823610678,-2.381407176362657,1,1,0
Bijan Robinson,RB,ATL,2,3.69,ACTIVE,"Bijan Robinson is expected to lead the Falcons' offense in the Week 3 matchup against the Packers, whose defense has given up 22.9 PPR fantasy points per game to running backs this season. Despite Atlanta's offensive struggles through two weeks, Robinson has continued to produce, having recorded 254 total yards and a touchdown on 48 touches. With Michael Penix back at the helm for the Week 3 contest, Robinson should be in for even more production. Additionally, he's in for a favorable matchup, as Green Bay's defense has allowed three rushing touchdowns in its first two games.",18.90114659,22.9303032,19.53571541,19.7766993,19.40209248,21.29746829,19.66061615,19.47679958,19.97941316,19.89627747,0.0,18.66121329,21.14103085,19.98223712,20.77249208,20.1396823,20.45724617,20.72305085,bijan robinson,11,20.012784546428573,14,2.0,21.2,21.913412891120366,7.0,18.5,0.3276740237691,0.64,18.4,19.206392273214284,19.7477963967955,0.0,14.0,107.82612071032102,-0.2649881496330728,2,2,0
Amon-Ra St. Brown,WR,DET,8,8.61,ACTIVE,"Amon-Ra St. Brown will aim to stay hot as the Lions play the Jets in Week 3. St. Brown finished with a monster performance in Week 2, bringing in nine of 13 targets for 142 yards and two touchdowns. Not only has the star pass catcher recorded back-to-back two-TD performances, but he's also now amassed 19 catches for 209 yards in that stretch. He should continue to benefit from Detroit's shaky defense, even against a New York defense that's allowed 27.2 PPR points per game to its first two opponents, a top-10 mark.",18.82159256,20.39367413,19.86171808,20.62311466,20.72574401,0.0,20.52528999,19.67356346,20.82878918,20.00005665,20.51145678,20.66886867,20.51615982,20.41308673,19.51978376,20.57082844,20.53603922,20.37508547,amon ra st brown,6,20.355321389285713,14,2.0,31.950000000000003,22.48811340888131,13.5,0.0,0.35053981106612697,0.925,17.5,18.927660694642856,19.63975123749055,0.0,14.0,105.11361328301444,-0.7155701517951627,3,1,5
Kenneth Walker III,RB,KC,28,20.59,ACTIVE,"Kenneth Walker has had a dazzling start to his Kansas City tenure, topping 100 rushing yards in each of his first two games and piling up 369 scrimmage yards in total with two touchdowns, one rushing and one receiving. The former Seahawk is thriving in a bell cow role, and his 6.2 yards per carry would be a career high if he can keep it up. Walker will take aim in Week 3 at a Dolphins defense that's been more vulnerable through the air than on the ground so far in 2026, allowing just 3.5 yards per carry, which ranks sixth in the league.",14.70000761,17.84214858,21.0017916,19.81628733,0.0,19.81784818,17.77214218,18.13727478,20.03704784,20.1803301,21.30968775,19.63686557,18.04344902,19.24461784,19.50309125,19.262028,19.07579974,20.58303031,kenneth walker,5,19.488447227142853,14,2.0,28.950000000000003,27.50426875295434,8.0,23.5,0.236279069767442,0.75,15.4,17.444223613571427,19.456232641448008,0.0,14.0,103.74422813545613,-0.032214585694845255,4,3,24
Jonathan Taylor,RB,IND,5,7.89,ACTIVE,"Jonathan Taylor has scored multiple rushing TDs in both of the Colts' games heading into a Week 3 home tilt against the Texans. The star RB led the NFL with 20 scrimmage TDs last season and looks poised to finish near the top of the leaderboard again this season. Taylor is a set-and-forget fantasy RB1, even against a stout Texans front seven that allowed the fourth-fewest rushing yards to RBs last season and has yet to allow a TD to the position.",17.7453952,18.44269237,20.61385063,22.85575908,19.99798668,22.64738602,19.68914784,20.86354296,21.92686738,23.93894064,19.61046051,22.75747191,0.0,19.4596088,21.61778199,21.80672475,21.41413425,21.82749336,jonathan taylor,13,21.371404531428574,14,2.0,27.15,20.510133100984113,4.0,21.5,0.135632183908046,0.915,16.6,18.985702265714288,19.290588432768253,0.0,14.0,101.42520921393955,-2.0808160986603212,5,4,0
Ashton Jeanty,RB,LV,17,21.54,ACTIVE,"Ashton Jeanty has looked the part of a bell-cow running back to begin his second NFL season, amassing 54 touches through two games and turning them into 210 scrimmage yards and two receiving touchdowns. The 2025 first-round pick is still only averaging 3.4 yards per carry however, and the Raiders' offseason upgrades to the offensive line haven't yet led to better efficiency on the ground for Jeanty. He'll try to take advantage of a Week 3 clash with a Saints defense that ranks in the bottom four in rushing yards and rushing TDs allowed to RBs so far in 2026.",17.94830096,18.33499986,18.87066831,18.99118471,18.19442601,19.95982672,17.30897696,17.64111221,17.16316956,17.00262738,16.68970762,18.12265909,0.0,18.23876193,17.33499558,18.91419581,18.89246293,17.38233491,ashton jeanty,13,18.09462677285714,14,2.0,21.5,24.645264756566313,6.5,22.0,0.224137931034483,0.775,15.0,16.54731338642857,19.24663050980782,0.0,14.0,100.80979829249347,1.1520037369506788,6,5,11
Jaxon Smith-Njigba,WR,SEA,6,5.76,ACTIVE,"Jaxon Smith-Njigba enters Seattle's Week 3 matchup versus Washington riding the wave of a three-touchdown performance. That effort came Sunday versus Arizona, when the star wideout also caught nine passes for 155 yards. Smith-Njigba worked with backup QB Drew Lock in that victory due to Sam Darnold being sidelined with a glute injury, and it seems that the reigning AP NFL Offensive Player of the Year is more than capable up dominating regardless of who is throwing him the ball. Smith-Njigba could be in for another huge effort against a Commanders defense that has surrendered the 10th-most receiving yards (337) to wideouts through two contests.",18.97876455,18.49166582,20.82206126,20.43582536,20.398724,19.31520469,20.45819026,20.57951043,20.75442739,20.14556118,0.0,20.27531299,20.88612349,20.47697056,19.842091,20.01908092,20.5632879,19.83933675,jaxon smith njigba,11,20.355169387857142,14,2.0,34.35,18.465559629237433,11.0,0.0,0.44070512820512797,0.785,18.0,19.177584693928573,19.035179680990346,0.0,14.0,96.64961149201159,-1.3199897068667958,7,2,-1
Trey McBride,TE,ARI,21,21.27,ACTIVE,"Trey McBride remains one of the most matchup-proof pass catchers in the league heading into the Cardinals' Week 3 tilt versus San Francisco. Though QB Jacoby Brissett threw for just 95 yards in a loss to Seattle on Sunday, McBride accounted for 41 of those yards and got into the end zone. Through two weeks, McBride leads NFL tight ends with 17 receptions and ranks fourth with 136 receiving yards. The 49ers have been tough on the position so far, though, giving up just seven catches for 52 yards.",14.33717297,14.46990367,16.46544377,16.69549938,17.24797062,16.04327548,15.92222679,16.89667199,15.73729601,16.24970112,16.54837296,17.30056219,16.35809009,0.0,16.22074753,16.50993845,16.66778655,16.68830036,trey mcbride,14,16.49025592357143,14,2.0,21.3,20.88838045118885,11.5,0.0,0.367983367983368,0.8400000000000001,14.0,15.245127961785714,17.12621212492009,0.0,14.0,94.71635917549277,0.6359562013486624,8,1,13
Puka Nacua,WR,LAR,4,7.33,QUESTIONABLE,"Puka Nacua (hip) is uncertain to play in the Rams' Week 3 clash against Denver. Nacua missed Monday's Week 2 game versus the Giants, though he wasn't ruled out until game day. That lends some hope that Nacua could return soon, though his availability for practice during the week should provide more insight about his potential to return versus the Broncos. Should Nacua suit up, he'll draw a tough Denver secondary that have given up just 203 receiving yards to wideouts so far, tied for third-fewest in the league.",21.05001579,0.0,19.93992348,20.42552586,22.11396752,21.53999558,20.83785635,21.16559866,21.55277526,21.36840236,0.0,21.16829142,21.13029745,20.86932418,21.57460486,19.99551125,20.93449192,20.21312409,puka nacua,11,21.044040439285716,14,1.0,12.4,15.619535304739546,9.0,0.0,0.333333333333333,0.7,17.1,19.07202021964286,18.688410784653602,1.0,13.0,85.23807216163308,-2.3556296546321143,9,3,-5
De'Von Achane,RB,MIA,12,18.48,ACTIVE,"De'Von Achane's volume remains elite as the Dolphins get set to host the Chiefs in Week 3. Achane has amassed 31 carries and 11 targets through two weeks, and while his 3.5 yards per carry is modest, there aren't many other options with such a safe workload. Kansas City is allowing 4.0 yards per carry, and they'll surely stack the box against Achane, as everyone else is doing. However, the Chiefs have allowed four catches to an opposing back in consecutive weeks. Achane's volume generates a floor, with scoring providing upside.",18.20170273,17.13974143,19.40009212,18.09286317,19.85421573,0.0,19.01689812,19.29418629,20.70362982,19.97869941,19.63297156,19.75916534,17.86276387,20.91486237,18.99542619,19.67786028,20.34534257,18.557604,devon achane,6,19.53778406,14,2.0,11.45,18.808647798639214,5.5,15.5,0.22302737520128801,0.81,14.0,16.76889203,17.448810619546403,0.0,14.0,75.64031982883367,-2.0889734404535965,10,6,2
Christian McCaffrey,RB,SF,7,9.25,ACTIVE,"Christian McCaffrey will look to once again show off his dual-threat skill set when the 49ers host the Cardinals in Week 3. McCaffrey is coming off a productive game against the Dolphins,  totaling 66 yards (23 rushing, 43 receiving) and getting into the end zone twice. The veteran RB has been ceding a fair amount of carries to rookie No. 2 RB Kaelon Black so far this season, but McCaffrey's work as a receiver (nine catches for 63 yards through two contests) has remained a key part of his game. Arizona has been middle-of-the-pack against running backs so far, yielding an average of 14.0 fantasy points per game to the position.",18.51940924,21.48391582,20.89684019,18.98332495,18.12924923,20.84136461,19.98384654,0.0,20.20604887,19.62198084,18.77392436,18.6507786,19.98381351,18.93912276,19.25706138,19.05730314,19.11742357,20.30517607,christian mccaffrey,8,19.460148753571428,14,2.0,18.200000000000003,15.038959644259293,6.0,10.0,0.2128851540616245,0.535,16.4,17.93007437678571,17.351851430280426,0.0,14.0,74.28289117910998,-2.1082973232910014,11,7,-4
Josh Allen,QB,BUF,26,11.61,ACTIVE,"Josh Allen has the Bills offense firing on all cylinders heading into a Week 3 matchup with a slumping Chargers squad. Allen has thrown for five touchdowns and run in four in a dominating start to his 2026 season. The Chargers are a desperate team, but they'll also be traveling across the country and have been victimized by far less capable quarterbacks in Jacoby Brissett (277 yards, one TD) and Kirk Cousins (253/3), suggesting the elements are there for Allen to continue his elite production.",19.32266889,22.65422402,23.55761902,22.68820537,21.27474731,23.39212147,0.0,22.44828293,21.29503409,22.20703146,25.509685,23.16095221,21.74665612,22.87078108,24.81290072,20.678316,24.61719509,23.13581017,josh allen,7,22.875680562142858,14,2.0,38.239999999999995,23.039447399400864,0.0,10.0,0.0,1.0,22.3,22.58784028107143,22.678161704737317,0.0,14.0,72.9925011981095,-0.19751885740554087,12,1,14
Chase Brown,RB,CIN,14,23.94,ACTIVE,"Chase Brown and the Bengals are in Pittsburgh to battle their division rivals in Week 3. He tallied 20 carries for 80 yards and corralled three of five targets for two yards during Cincinnati's Week 2 win. Brown handled 23 of 26 touches out of the backfield, and he should continue to dominate those looks again in Week 3. The Steelers' defense ranks 26th in fantasy points allowed (27.5) to RBs after giving up 136 rushing yards and 4.9 yards per carry to the Patriots in Week 2.",16.03293985,15.4466417,16.58040765,17.77955849,18.51742664,0.0,16.23166429,18.22345022,18.11302964,17.23544422,18.1091162,17.84685156,17.50424776,17.29394756,18.08386035,17.82338505,16.85640736,18.13848949,chase brown,6,17.585628356428572,14,2.0,15.0,19.369346397264593,5.5,18.0,0.16888045540796948,0.71,14.3,15.942814178214286,17.08499158456439,0.0,14.0,70.54685333908546,-0.5006367718641833,13,8,1
Ja'Marr Chase,WR,CIN,3,5.43,ACTIVE,"Ja'Marr Chase and the Bengals travel to square off against the Steelers' second-ranked pass defense in Week 3. Pittsburgh is allowing just 15.5 fantasy points per game to WRs and is one of six teams that have yet to give up a receiving TD to the position. Chase will surely put that to the test, as he's coming off a 7-75-2 receiving line on nine targets in Cincinnati's Week 2 win over Houston. Across two outings versus the division-rival Steelers in 2025, Chase registered a 19-191-1 line on 33 targets, so Joe Burrow will continue to feed his star wideout regardless of the matchup.",19.94548672,19.00946565,18.94007201,20.41772578,20.53249757,0.0,19.60037223,20.21817575,20.38081604,19.28137548,20.63367922,20.1242366,19.41944128,20.15560359,20.30560962,20.51906364,19.95874075,19.65572646,jamarr chase,6,20.03481496857143,14,2.0,14.85,10.894777554685653,6.5,0.0,0.20398481973434499,0.9099999999999999,17.0,18.517407484285712,16.992881498365698,0.0,14.0,68.05743693526651,-3.0419334702057306,14,4,-11
Chris Olave,WR,NO,24,29.33,ACTIVE,"Chris Olave is expected to remain one of fantasy's top receivers in the Saints' Week 3 matchup against the Raiders. Olave ranks second in the NFL in both receptions (18) and receiving yards (268) through the first two weeks, cementing himself as New Orleans' top wideout. Currently, he's received a 25.6 percent target share, which should continue proving valuable with the Saints high-volume of pass attempts (90 through two weeks, second-most in the NFL). Olave could struggle against the Raiders, however, whose defense has allowed just 21.9 PPR fantasy points to wideouts per game this season.",14.78334767,15.91590897,17.76111373,18.08683777,17.0288067,17.72525874,16.93162,0.0,14.76971028,15.45673096,15.22333926,15.15077052,15.24220632,15.2888122,15.04621355,15.5558361,15.24757986,15.21400359,chris olave,8,16.036773999285714,14,2.0,25.4,20.292001269762906,11.5,0.0,0.28125,0.85,14.6,15.318386999642858,16.97625842301621,0.0,14.0,67.82471388037366,0.9394844237304945,15,5,9
Derrick Henry,RB,BAL,16,15.93,ACTIVE,"Derrick Henry and the Ravens travel to Texas to battle the Cowboys in Week 3. In Baltimore's Week 2 loss, Henry rushed 16 times for 68 yards and one score, and he caught all three targets for another 19 yards. He accounted for 16 of 18 carries out of the backfield, and he'll continue earning a massive workload on the ground in order to take pressure off Lamar Jackson. Henry faces a Dallas defense that ranks 25th in fantasy points per game (25.9) and 27th in rushing yards allowed to RBs.",16.36113137,17.60849572,17.77367223,18.87204352,18.32817225,17.95321215,18.1018718,17.57201374,18.10472381,17.87398862,18.59261225,16.31961946,0.0,17.89798398,16.67832185,18.83135077,17.25947812,17.53378135,derrick henry,13,17.868504610714286,14,2.0,26.5,16.49296427140446,2.0,20.0,0.07255747126436785,0.535,15.3,16.584252305357143,16.55382296070625,0.0,14.0,63.1104926050715,-1.314681650008037,16,9,0
CeeDee Lamb,WR,DAL,10,12.62,ACTIVE,"CeeDee Lamb went wild last game for the Cowboys. Lamb caught eight passes for 153 yards and two touchdowns in the win over Washington. Lamb had nine targets for the game. He has scored three touchdowns in his first two contests of the 2026 campaign. In Week 3, Dallas hosts the Baltimore Ravens. Baltimore is allowing just 191 passing yards per contest, which is 12th in the NFL.",17.25542591,17.99875061,17.32310852,16.76596917,17.53430839,17.40789325,16.96115929,17.86251795,17.84855993,17.50190364,17.48181219,17.12886196,16.59612007,0.0,16.94692905,17.81204923,17.59337481,17.88585903,ceedee lamb,14,17.34032624642857,14,2.0,25.349999999999998,15.303601347110417,8.5,0.5,0.278494623655914,0.78,16.3,16.820163123214286,16.31464253117966,0.0,14.0,58.562091394662005,-1.0256837152489098,17,6,-7
James Cook III,RB,BUF,9,12.77,ACTIVE,"James Cook faces a challenge for fantasy managers in the Bills' Week 3 matchup with the Chargers. Cook and Buffalo's offense motored through Detroit last week, their lead back finishing with 139 total yards and a touchdown. The Chargers have been stingy against the run, allowing a mere 2.98 yards per carry to the likes of Ashton Jeanty and Jeremiah Love. Teams beat them through the air with far greater ease. Cook's role in this potent offense is unquestioned, but tempered expectations in Week 3 appear prudent.",15.88395775,18.61937884,16.95489341,16.73909366,15.41147247,17.00923524,0.0,16.20188791,15.71820608,16.5744117,18.75213293,16.69405241,16.06066305,16.32555277,18.18851872,15.55990219,18.03457782,17.27059451,james cook,7,16.730328597142858,14,2.0,15.399999999999999,16.552214044395257,3.5,17.0,0.125,0.73,14.6,15.66516429857143,15.960847547179371,0.0,14.0,54.808836815695216,-0.7694810499634865,18,10,-9
Breece Hall,RB,NYJ,30,39.15,ACTIVE,"Breece Hall will look to find more running room for the Jets in Week 3 against the Lions. He was limited to 1.8 yards per carry in Week 2, but 16 rushes was encouraging, as were his five catches on five targets. Detroit's defense is leaky, and while their secondary has been the more glaring weakness, they're allowing 5.2 yards per carry. The Jets' offensive limitations will likely temper Week 3 production, but Hall's workload in a plus matchup boosts his outlook.",16.49959332,15.79237533,16.16350202,16.37029347,16.47357951,15.01539682,17.47557505,16.52419768,15.07874443,16.4610901,15.28630793,16.84626277,0.0,15.09834521,16.50127793,15.63432253,15.25209768,15.85283465,breece hall,13,16.012928080714286,14,2.0,17.0,18.11133419605133,3.5,19.0,0.1129227053140097,0.615,12.4,14.206464040357144,15.50808742558854,0.0,14.0,48.47019511342357,-0.5048406551257454,19,11,11
Nico Collins,WR,HOU,23,35.55,QUESTIONABLE,"Nico Collins (hamstring) didn't suit up for the Texans in Week 2 and may not be ready to return against the Colts in Week 3. If Collins recovers, he'll jump back in as the top option in Houston's passing game and a fantasy WR2 at worst. Should Collins sit again, TE Dalton Schultz could continue to work as the primary pass catcher for C.J. Stroud, while the Texans get by with Kayshon Boutte, Xavier Hutchinson, Jaylin Noel and Jared Wayne at WR.",15.59392516,0.0,15.78571735,15.83786959,15.36666821,15.68276641,15.59763354,0.0,15.37520172,14.91510049,15.96683508,15.35390105,14.61487137,15.869299,15.77369519,14.88081354,15.37525264,15.53239038,nico collins,8,15.456830370000002,14,1.0,21.2,18.214674719201625,10.0,1.0,0.27027027027027,0.72,15.0,15.228415185000001,15.825667091840325,1.0,13.0,48.022404155060485,0.36883672184032257,20,7,3
Justin Jefferson,WR,MIN,11,12.68,ACTIVE,"Justin Jefferson will look to rebound from a quieter week as the Vikings travel to Tampa Bay in Week 3. Jefferson was held to three catches for 55 yards against the Bears in Week 2, but the game was played in bad weather and ended with a 9-3 score. The superstar pass catcher has 11 catches for 147 yards and two touchdowns this season, and he could increase those numbers twofold against a Bucs defense that ceded 95 yards and a touchdown to Cleveland receiver Denzel Boston this past Sunday.",17.08263745,18.35804621,18.25873768,18.97551151,18.1760811,0.0,18.91772203,18.78898764,19.2972705,18.23411176,18.21624144,18.62679119,18.69845914,17.74801581,18.99877652,18.97865653,17.63374472,18.61273727,justin jefferson,6,18.539221969285713,14,2.0,19.85,12.859383204750829,7.5,0.0,0.353546910755149,0.96,14.6,16.569610984642857,15.332868391345514,0.0,14.0,44.81725343698393,-3.206353577940199,21,8,-10
DeVonta Smith,WR,PHI,34,38.75,ACTIVE,"DeVonta Smith broke loose last game for the Eagles, snagging 10 passes for 117 yards and a touchdown in a win over the Titans. Smith saw a team-best 13 targets for the game, a pace which should continue in the absence of A.J. Brown. In Week 3, Philadelphia will face a Bears defense allowing 240 passing yards per tilt thus far this season, which is 25th in the NFL. The Eagles could also rely even more on the passing game if Saquon Barkley is sidelined due to injury.",14.83026881,13.95505337,15.62500858,15.33044839,15.61943091,15.58408188,15.74757614,15.7086635,15.43345553,0.0,14.76285864,15.6371423,15.56090479,15.8073347,14.75305713,14.87689613,15.29301764,15.34181348,devonta smith,10,15.409991161428573,14,2.0,18.0,16.66907042481139,9.5,0.0,0.32754010695187197,0.915,13.4,14.404995580714287,15.159687195413321,0.0,14.0,42.39271669393324,-0.2503039660152524,22,9,12
Brock Bowers,TE,LV,22,30.27,QUESTIONABLE,"Brock Bowers is on track to make his season debut in Week 3 against the Saints after missing the Raiders' first two games due to minor knee surgery at the end of training camp. Knee trouble in 2025 prevented Bowers from repeating his dynamic rookie campaign, but if he's able to get fully healthy again, the star tight end should quickly emerge as the team's top option in the passing game, with little competition from a wide receiver room led by Tre Tucker. Bowers will initially be catching passes from Kirk Cousins, but at some point this season Las Vegas will transition to Fernando Mendoza under center, providing one more wrinkle for the offense. If he gets cleared this week as expected. Bowers will be facing a New Orleans defense that has yet to allow a touchdown to a TE in 2026.",0.0,0.0,14.17523022,14.35769196,13.89909426,15.0444036,13.13633589,12.96137452,13.31579355,12.86674845,12.67997646,13.03160124,0.0,13.58609349,12.84443736,13.55290427,13.7223587,13.35918565,brock bowers,13,13.512431712142858,14,,,,,,,,12.6,13.056215856071429,13.056215856071429,1.0,13.0,35.040953453639254,-0.4562158560714291,23,2,-1
Parker Washington,WR,JAX,87,97.45,ACTIVE,"Parker Washington has established himself as the No. 1 WR for the Jaguars and is headed toward weekly fantasy WR1 territory ahead of a Week 3 home game against the Patriots. New England has one of the league's best secondaries, led by CB Christian Gonzalez, but Washington appears largely matchup-proof considering the 24-year-old WR just accounted for 98 of Trevor Lawrence's 189 passing yards in a Week 2 loss to Denver that could wind up being Lawrence's worst performance of the season. Washington has at least five catches and 83 receiving yards in each of his last five games, as well as three touchdown catches over that span, so the breakout star can be started with confidence regardless of the opponent.",11.33859597,12.19179173,15.00342928,15.31879956,14.89080678,14.7596909,0.0,15.87506084,15.03013549,15.28244045,15.33338801,15.45459656,15.44769367,14.78242537,14.66221534,15.50960529,15.94793444,15.68640832,parker washington,7,15.235587284285714,14,2.0,18.05,15.985577799953276,9.0,0.0,0.3571428571428575,0.71,12.6,13.917793642142858,14.607055028079664,0.0,14.0,34.655866351262034,-0.62853225620605,24,10,63
Bucky Irving,RB,TB,50,68.39,ACTIVE,"Bucky Irving is expected to remain Tampa Bay's lead back in the Week 3 matchup against the Vikings. Irving remained efficient despite the Buccaneers' offensive struggles in Week 2, accounting for 90 total yards on 21 touches. Additionally, he's operated as the clear No. 1 running back, out-touching Kenneth Gainwell 36 to 11 in two contests. Irving will likely struggle in Week 3, however, as he'll be facing a Vikings defense that's allowed just 14.7 PPR fantasy points to RBs this season, the fourth-best mark in the NFL.",13.49770006,14.57970246,15.77775821,16.4267964,16.10974192,16.10390557,16.94313031,17.28500423,16.84546898,0.0,16.62760069,17.56935975,16.38280399,15.14619754,16.71870762,16.66975445,15.55561256,16.1098305,bucky irving,10,16.440131587142854,14,2.0,16.65,14.940112756644613,5.5,12.5,0.19023569023569,0.6950000000000001,11.6,14.020065793571426,14.326748114595821,0.0,14.0,31.931444759525508,-2.1133834725470333,25,12,25
Christian Watson,WR,GB,81,96.83,ACTIVE,"Christian Watson remains the top option in Green Bay's offense as they take on the Falcons in Week 3. Watson finished with a quieter four catches for 41 yards and a touchdown against the Jets in Week 2, but he did garner an impressive 11 targets. The fifth-year wideout has now scored three touchdowns on a team-high 19 targets across two games. He'll take on an Atlanta defense that's allowed a middle-of-the-pack 30.3 PPR points per game to WRs.",10.91678906,12.48808711,14.02890438,13.69568699,14.00396907,14.09451986,13.87085597,13.83685054,13.13162218,13.04057498,0.0,13.04638599,13.40391758,14.23936172,14.03215945,13.63579887,13.12119029,14.03569657,christian watson,11,13.655842705,14,2.0,23.400000000000002,16.265676654575852,9.5,0.0,0.289655172413793,0.8300000000000001,13.0,13.327921352499999,14.307173119858618,0.0,14.0,30.457519636167394,0.6513304148586183,26,11,55
Drake London,WR,ATL,18,25.25,ACTIVE,"Drake London will look to bounce back from a slow start in the Falcons' Week 3 matchup against the Packers. London has caught just six of nine targets for 80 yards in Atlanta's first two games, as Cooper Rush and Jack Strand struggled to get the offense going. However, Michael Penix is set to return as the Falcons' QB1 during the Week 3 contest, giving London a far more optimistic projection. He's in for a favorable matchup as well, with Green Bay's defense allowing three receiving touchdowns and 34.5 PPR fantasy points per game to WRs this season.",13.82281811,12.85133439,15.39112861,15.25850057,15.34334417,15.76338812,15.43425884,15.34926899,15.55155654,15.49402361,0.0,14.56556479,16.07392248,14.90165138,15.91961998,15.55393515,15.47031441,15.61745667,drake london,11,15.433605545714284,14,2.0,7.2,8.25348245933605,4.5,1.0,0.1859083191850595,0.8,13.1,14.266802772857142,14.266802772857142,0.0,14.0,29.892334778146733,-1.1668027728571424,27,12,-9
Tetairoa McMillan,WR,CAR,36,52.03,ACTIVE,"Tetairoa McMillan is expected to remain one of the Panthers' top targets in the Week 3 matchup against the Browns. McMillan bounced back in Week 2 after a lackluster Week 1 performance, catching five of 10 targets for 101 yards while leading the team in receiving. The 2025 Offensive Rookie of the Year is tied with Jalen Coker for the most targets on Carolina (18) entering Week 3, which is a positive sign for both players' outlooks going forward. With the Panthers' offensive success through two games, McMillan should be in for a great Week 3 matchup, especially while facing a Browns defense that's given up four receiving touchdowns to WRs through two contests.",14.78224367,13.6238554,14.24836656,15.38430745,0.0,14.1185476,14.88067716,14.67061356,13.97588844,14.56029515,14.63452296,14.64750578,13.89371651,14.79994079,14.98504439,13.90087714,14.00875022,15.1633154,tetairoa mcmillan,5,14.479218122142855,14,2.0,12.8,15.776410659831143,9.0,0.0,0.2738970588235295,0.81,12.4,13.439609061071428,14.218542927324668,0.0,14.0,29.216696940692096,-0.26067519481818735,28,13,8
Travis Kelce,TE,KC,122,93.35,ACTIVE,"Travis Kelce continued a strong start to his 14th NFL season in Kansas City's Week 2 overtime win over the Colts, posting a 9-101-1 line on 11 targets. The future Hall of Famer last delivered a 1,000-yard campaign in 2022, but he's jumped out to an early pace in 2026 that would see him top 1,400 receiving yards and set a new career high. With Patrick Mahomes spreading the ball around and the offense prioritizing Kenneth Walker and the run game, Kelce may need to rely on spike games rather than steady production for his fantasy value. He'll take on a Dolphins defense in Week 3 that's allowed 10.2 yards per target to tight ends through two weeks, 27th in the league.",9.80925357,10.54742431,12.68116515,12.25084189,0.0,12.48320865,11.76611079,11.74329428,12.02416121,12.44826717,12.6704324,12.92218996,11.99253524,12.41593097,12.15874385,12.41712425,12.3871667,12.34483064,travis kelce,5,12.311512322142857,14,2.0,17.6,14.491622664634562,8.0,0.0,0.227906976744186,0.78,10.5,11.405756161071428,12.434378328925808,0.0,14.0,29.030686031572813,0.12286600678295123,29,3,93
Javonte Williams,RB,DAL,31,41.06,ACTIVE,"Javonte Williams was rather quiet last game for Dallas. Williams managed just 50 yards from scrimmage and did not find the end zone versus Washington, as the passing game took the spotlight in the 37-20 win. Williams may also have a difficult time finding room in Week 3 versus Baltimore. The Ravens are allowing just 83.5 rushing yards per tilt, which is sixth in the NFL. However, Baltimore has allowed three rushing touchdowns already, which is tied for 23rd in the league.",15.2939768,16.69697442,15.00194049,14.79242795,16.09847242,15.46194547,14.66375722,17.45763518,16.35753482,15.5973036,16.87016534,15.33778503,14.2513972,0.0,14.51310339,16.3464383,17.0846631,16.68919876,javonte williams,14,15.702469250714284,14,2.0,16.1,13.803520769456254,4.5,12.0,0.1478494623655915,0.755,12.3,14.001234625357142,13.935330006723513,0.0,14.0,26.451591249313193,-1.767139243990771,30,13,1
Omarion Hampton,RB,LAC,13,25.41,ACTIVE,"Omarion Hampton has been one of the few Chargers who seems to be benefiting from new offensive coordinator Mike McDaniel's scheme. The second-year back racked up 115 scrimmage yards and a touchdown in Week 2's loss to the Raiders, and he's been the clear top option in the backfield, getting 37 touches through two weeks compared to Keaton Mitchell's 10 and Kimani Vidal's zero. Hampton lost a fumble in each game, and that split could begin to shift Mitchell's way if ball security is deemed an issue for the 2025 first-round pick. Hampton could cash in on his bell-cow role in Week 3 against a Bills defense that's allowed four touchdowns to RBs so far, two on the ground and two through the air.",17.57593518,15.84450111,15.01837868,13.26446048,14.34564158,14.22784224,0.0,13.55834641,14.54975858,13.69621988,15.49725641,14.94276949,14.50892937,15.25105229,14.68780482,16.33062891,14.95353535,13.61028946,omarion hampton,7,14.630901749285714,14,2.0,12.9,13.502613427543192,1.0,17.5,0.03846153846153845,0.605,13.4,14.015450874642857,13.84450505894297,0.0,14.0,25.180041980385585,-0.7863966903427446,31,14,-18
Lamar Jackson,QB,BAL,44,24.74,ACTIVE,"Lamar Jackson and the Ravens look to bounce back after a tough loss when they visit the Cowboys in Week 3. Jackson threw for 235 yards (21-for-31) with one TD and one INT while rushing four times for 34 yards in Week 2's 24-17 loss. Baltimore draws a favorable matchup against a Dallas defense that ranks 27th in fantasy points allowed (27.2) and 31st in rushing yards allowed to QBs. Zay Flowers (hamstring) missed Week 2's contest, but the hope is that Jackson's speedy receiver makes it back on the field in Week 3.",19.1264909,21.66281505,21.08355261,21.59510593,21.39871407,20.2601977,21.32009629,21.58195925,21.33108683,21.11134955,21.50415693,19.03214258,0.0,21.00074043,19.28726696,21.02303776,20.55036692,20.05710184,lamar jackson,13,20.862840986428573,14,2.0,19.880000000000003,17.61223121682717,0.0,5.5,0.0,1.0,18.4,19.631420493214286,19.227582637936862,0.0,14.0,24.684394262903133,-1.6352583484917105,32,2,12
D'Andre Swift,RB,CHI,47,59.27,ACTIVE,"D'Andre Swift will be a top option in Chicago's offense in Week 3 against the Eagles. Swift cooled down in Week 2 after a monster opener, logging 16 rushes for 45 yards on the ground. The veteran RB did see success in the passing game, logging five catches for 54 yards. With Tyson Bagent expected to start at quarterback for the Bears, Swift could be utilized more heavily on the ground. Philadelphia has also allowed 216 rushing yards to running backs this season, a bottom-10 mark in the league.",12.30968487,13.49356967,12.82714079,13.38187351,12.69337589,13.47577922,12.9743989,11.68364115,13.1989298,0.0,13.49804868,13.41055345,13.3937601,14.06242913,13.06756978,13.23863455,13.98646268,12.09982564,dandre swift,10,13.20661411642857,14,2.0,22.65,15.711352431990992,3.0,17.0,0.10256410256410274,0.625,12.9,13.053307058214285,13.66053573915039,0.0,14.0,22.604471503289474,0.45392162272182013,33,15,14
Davante Adams,WR,LAR,45,55.75,ACTIVE,"Davante Adams is coming off an explosive Monday Night Football performance heading into the Rams' Week 3 matchup versus Denver. With Puka Nacua sidelined by a hip injury, Adams starred Monday against the Giants, posting a massive 10-195-2 line. Nacua's status for Week 3 is up in the air, and Adams would logically stand to be Matthew Stafford's top target again if Nacua can't suit up. However, Denver is a tough matchup, as the Broncos have yielded just 6.55 yards per target to wideouts this season (fifth-best in the NFL).",13.82096676,15.49770958,13.81940077,14.18280257,15.38792893,14.99523407,14.48075028,14.73643073,15.00975815,14.8685342,0.0,14.72488945,14.68668592,14.48621093,14.98277452,13.85697031,14.56672123,14.02051108,davante adams,11,14.627506575714287,14,2.0,22.55,14.379544390097468,8.0,0.0,0.27777777777777746,0.595,12.1,13.363753287857143,13.702350321937251,0.0,14.0,21.99000046526826,-0.9251562537770361,34,14,11
Sam LaPorta,TE,DET,89,78.79,ACTIVE,"Sam LaPorta will look to remain a top target as the Lions take on the Jets in Week 3. LaPorta recorded six catches for 52 yards and his first touchdown of the season against the Bills in Week 2. The starting tight end has now been targeted 15 times across two games, and he's converted these into 11 grabs for 100 yards and a touchdown. He'll face a New York defense that held Green Bay's Tucker Kraft to just two catches for 15 yards this past Sunday.",10.95135771,11.25440928,11.19701689,11.62249843,11.69608079,0.0,11.57159388,11.13586233,11.7719559,11.30805428,11.59000075,11.64826558,11.57118367,11.5248906,11.06639482,11.61548658,11.59217295,11.50549338,sam laporta,6,11.493675532142857,14,2.0,13.5,13.055508109505316,7.5,0.0,0.194669365721997,0.895,11.2,11.346837766071427,11.916394547216058,0.0,14.0,21.778913087636308,0.4227190150732003,35,4,54
Dalton Kincaid,TE,BUF,153,107.79,ACTIVE,"Dalton Kincaid brings momentum into the Bills' Week 3 matchup with the Chargers. After a 130-yard opener, Kincaid posted seven catches for 95 yards and a touchdown in Week 2 against Detroit, playing on 66% of the offensive snaps. Opportunity, not talent, has been an issue as he hasn't played over a 50% snap share since Week 5 in 2025. The Chargers were dominated by Tre McBride in Week 1 but rebounded against the Brock Bowers-less Raiders tight end room last week. Kincaid's big numbers are poised to continue in Week 3.",8.65164682,10.43216445,11.62655747,11.37061688,11.3452916,11.4250699,0.0,11.59103218,11.12057221,11.16755663,11.74216911,11.61438274,11.33489751,11.53921214,11.61239458,11.11503262,11.74133986,11.19565616,dalton kincaid,7,11.453294673571431,14,2.0,20.25,13.813020013986328,7.0,0.0,0.25,0.69,10.4,10.926647336785717,11.888771562519253,0.0,14.0,21.392191301881038,0.43547688894782155,36,5,117
Zay Flowers,WR,BAL,38,47.62,QUESTIONABLE,"Zay Flowers and the Ravens are in Dallas for a Week 3 matchup between 1-1 teams. He was ruled out of Baltimore's Week 2 loss with a hamstring injury he suffered in the season opener, so his status in practice this week will be something to monitor. If he's able to suit up in Week 3, Flowers will face a Cowboys defense that ranks 18th in fantasy points per game (31.2) and 13th in receiving yards allowed to WRs. In his absence, Rashod Bateman put up a 7-88-1 receiving line on nine targets as Lamar Jackson's No. 1 receiver.",14.20658124,0.0,15.64780889,15.31139611,15.40448763,14.80629904,15.49564775,15.95885839,15.60295075,15.39033848,15.48936268,14.66725721,0.0,15.35392683,14.56868955,14.93166841,15.35308228,14.70228279,zay flowers,13,15.284412428571429,14,1.0,26.0,10.62214895506744,6.0,0.0,0.25,0.29,13.5,14.392206214285714,13.63819476244206,1.0,13.0,19.585263872883043,-1.6462176661293686,37,15,1
Dalton Schultz,TE,HOU,305,162.36,ACTIVE,"Dalton Schultz paced the Texans with 12 catches for 140 yards on 14 targets in the Week 2 loss to Cincinnati, working as C.J. Stroud's top target in the absence of WR Nico Collins (hamstring). The veteran TE is the favorite to lead the team in targets if Collins sits in Week 3 against a Colts defense that has allowed the most yards and TDs in the NFL this season. Indianapolis just allowed nine catches for 101 yards and a TD to Chiefs TE Travis Kelce in Week 2. Schultz is locked in as a fantasy TE1 for Week 3 if Collins sits and has a strong argument to stay in that range even if Collins suits up.",8.35164737,8.92547547,9.52498476,9.52204565,9.23544654,9.47349635,9.36588455,0.0,9.27686165,8.94353082,9.60632394,9.25783315,8.84011516,9.55377853,9.51389847,9.00685185,9.23493142,9.30632669,dalton schultz,8,9.31114163142857,14,2.0,16.75,20.08809965246838,11.0,0.0,0.24810810810810802,0.67,9.4,9.355570815714286,11.639772385169085,0.0,14.0,17.906202818978688,2.328630753740514,38,6,267
Jalen Coker,WR,CAR,152,129.11,QUESTIONABLE,"Jalen Coker is expected to remain one of Bryce Young's favorite targets in Carolina's Week 3 matchup against the Browns. Coker has been incredibly productive, leading the Panthers in receptions (16) and yards (204) while being tied for first in targets (18) through two weeks. Across his last three games (including playoffs), the third-year pro has caught 25 of 30 targets for 338 yards and two touchdowns, emerging as one of the NFL's top young wideouts. He's in for a very favorable matchup in Week 3 as well, as the Browns' defense has surrendered 7.2 yards per pass attempt this season.",9.20015506,11.92887535,13.82760174,14.86120485,0.0,13.7509492,14.39925768,14.21538874,13.59291839,14.12813541,14.1975004,14.20571122,13.50994726,14.32826975,14.50125843,13.54580909,13.61331263,14.62530271,jalen coker,5,14.048376056428571,14,2.0,24.2,15.18626051448656,9.0,0.0,0.2729779411764705,0.8,11.0,12.524188028214287,13.41154552363838,0.3,13.7,17.534760432889392,-0.6368305327901922,39,16,113
Tee Higgins,WR,CIN,42,61.92,ACTIVE,"Tee Higgins and the Bengals are in Pittsburgh to take on their division rivals in Week 3. He finished Week 2's win over Houston with five catches on 10 targets for 95 yards, pacing Cincinnati in yardage and targets. Higgins and Ja'Marr Chase accounted for 19 of Joe Burrow's 31 pass attempts, and that's likely to remain the case despite an unfavorable Week 3 matchup. The Steelers' defense ranks second in fantasy points allowed per game (15.5) and has yet to surrender a TD to WRs in 2026.",12.96144831,12.31979834,12.68133182,13.71591035,13.82752846,0.0,13.11971938,13.61260948,13.71577856,12.93341934,13.87512048,13.51112417,13.03189411,13.52438407,13.62595826,13.76946425,13.38298082,13.21475572,tee higgins,6,13.451944539285716,14,2.0,11.7,13.923858834831396,8.0,0.0,0.24952561669829199,0.72,12.4,12.925972269642859,13.258601124705706,0.0,14.0,15.777511704026626,-0.19334341458000992,40,17,2
Tyler Shough,QB,NO,155,141.05,ACTIVE,"Tyler Shough will lead the Saints' offense into a Week 3 matchup against the Raiders, whose defense has allowed just 17.4 fantasy points per game to opposing quarterbacks this season. Shough has been one of the NFL's most productive QBs through two weeks, leading the league in passing yards (662) while producing five total touchdowns. Despite throwing the ball 90 times in his first two contests, Shough remains one of the league leaders in completion percentage (68.9 percent). He's in for a difficult Week 3 matchup, however, with the Raiders' allowing just one passing touchdowns this season.",14.21129978,15.06637737,18.82899871,19.36855936,16.81526394,17.71264266,16.39208407,0.0,17.98005071,19.30265071,18.3830093,17.41692942,18.3534905,18.39333826,17.10749983,19.57115189,18.46040465,18.01832892,tyler shough,8,18.149005286428572,14,2.0,22.79,24.19340272375153,0.0,6.5,0.0,1.0,16.1,17.124502643214285,18.538282659321734,0.0,14.0,15.034194562291333,0.38927737289316156,41,3,114
Jalen Hurts,QB,PHI,73,59.04,ACTIVE,"Jalen Hurts tossed two touchdowns and two interceptions in a last-second win over Tennessee last game. Hurts threw for 264 yards in the rollercoaster battle and was able to overcome the two picks to find Darius Cooper for the winning score. Hurts has five touchdowns in two games for the Eagles. In Week 3, Philadelphia will face a Bears defense allowing 240 passing yards per tilt thus far this season, which is 25th in the NFL.",21.05270363,19.94761142,19.80314085,18.21017121,19.26177992,20.73162733,19.81088013,20.16426558,20.04274716,0.0,18.26529574,18.91317927,20.05767047,20.59479198,17.31987933,18.01433131,18.06659481,19.16285356,jalen hurts,10,19.232596792142857,14,2.0,20.439999999999998,18.344129905274993,0.0,6.0,0.0,1.0,17.8,18.516298396071427,18.48186469791214,0.0,14.0,14.244343102557025,-0.7507320942307167,42,4,31
Isaiah Likely,TE,NYG,142,101.72,ACTIVE,"Isaiah Likely led the Giants in both receptions and targets last game. Despite seeing 10 opportunities, though, Likely caught five passes for just 33 yards in the dismal loss to the Rams. The bigger news may be that starting quarterback Jaxson Dart could be lost for the season due to a knee injury. With Jameis Winston under center, Likely will likely see his stock take a hit. However, in Week 3, the Giants will face a lackluster Titans defense allowing 233.5 passing yards per clash, which is 20th in the league.",9.48477777,10.96404932,12.24647826,12.49670902,12.53403409,12.21053581,11.74954738,0.0,11.87612933,12.61993195,12.48736187,12.5030629,12.23484583,11.58206362,11.91391957,12.51208001,12.39998613,11.99406143,isaiah likely,8,12.240477555,14,2.0,18.05,16.484281745194256,9.0,0.0,0.2941810344827585,0.59,9.9,11.0702387775,11.329929394723647,0.0,14.0,13.568400952742564,-0.9105481602763525,43,7,99
Garrett Wilson,WR,NYJ,29,40.83,ACTIVE,"Garrett Wilson's clear lead role in the Jets' passing game could pay dividends against a porous Lions secondary in Week 3. Wilson has registered seven targets in each of the Jets' first two outings, giving him ample opportunity to exploit a defense that's allowing the fifth-most fantasy points to opposing wideouts through two weeks. The Lions' defense is vulnerable to all positions, but Wilson's spot as the top target is unchallenged.",14.77637097,15.86150031,14.71755024,14.52008675,14.07064093,13.94183583,14.96349868,14.43484307,14.28323068,15.23922614,14.36795091,14.82209433,0.0,13.70286707,14.69510952,14.12592515,13.80996854,15.05787577,garrett wilson,13,14.406773417142857,14,2.0,15.3,11.944312674757498,7.0,0.0,0.24939613526570048,0.815,12.8,13.603386708571428,13.050362030633451,0.0,14.0,12.86216438701506,-1.3564113865094054,44,18,-15
George Pickens,WR,DAL,27,32.4,ACTIVE,"George Pickens was second on the Cowboys in targets last game.  Pickens managed six catches for just 40 yards, though, as CeeDee Lamb went wild for Dallas. Lamb caught eight passes for 153 yards and two touchdowns in the win over Washington. Pickens has a disappointing nine catches for only 68 yards through two games for Dallas. The task may not get easier in Week 3, as Dallas hosts the Baltimore Ravens. Baltimore is allowing just 191 passing yards per contest, which is 12th in the NFL.",14.69007025,14.78763632,13.80767606,13.35857271,14.00293478,13.8899678,13.50628953,14.28186008,14.23483432,13.9550041,13.97779323,13.65494297,13.21726199,0.0,13.49599163,14.21463465,14.04993775,14.2837077,george pickens,14,13.831978685714287,14,2.0,7.9,12.205771599910161,7.0,0.0,0.229032258064516,0.8,13.0,13.415989342857143,13.012583428541483,0.0,14.0,12.3332639577275,-0.819395257172804,45,19,-18
Tyler Warren,TE,IND,53,53.85,ACTIVE,"Tyler Warren has started his second NFL season on a two-game TD streak but has a meager 34 receiving yards on 12 targets. The Colts' 2025 first-round pick is poised to keep logging plenty of targets in Week 3 against the Texans, as Indianapolis is running out of NFL-caliber pass catchers in the absence of Alec Pierce (heel). Warren had six catches in the Week 2 loss to Kansas City, a game Pierce exited early. Given Warren's mix of talent and usage, he remains a top-10 fantasy TE in Week 3 against Houston's talented defense.",12.21754146,11.38133633,12.30095082,12.96569948,12.14318536,12.6473565,12.08255724,12.01866272,12.12323014,12.16632404,11.45227728,11.94749743,0.0,11.56777465,11.79747348,11.95204267,11.50181435,12.10008077,tyler warren,13,12.047631868571429,14,2.0,12.350000000000001,10.283762688772107,6.0,0.5,0.2028735632183905,0.91,11.3,11.673815934285715,11.210464852447847,0.0,14.0,11.895897360881364,-0.8371670161235816,46,8,7
Zach Charbonnet,RB,SEA,170,163.57,OUT,,0.0,0.0,0.0,0.0,0.0,0.0,12.50646423,13.65040239,13.76853929,12.68658466,0.0,11.76736685,12.97397856,13.41759907,11.49900937,11.98065541,13.15914525,11.43616109,zach charbonnet,11,12.740974507999999,10,,,,,,,,,12.740974507999999,12.740974507999999,1.0,13.0,9.03557039095657,0.0,47,16,123
DK Metcalf,WR,PIT,78,103.5,ACTIVE,"DK Metcalf and the Steelers host the Bengals for a Week 3 divisional clash. He caught four of a team-high nine targets for just 27 yards during Pittsburgh's 20-3 loss to the Patriots. Metcalf finished fifth in yardage despite tying Germie Bernard and Pat Freiermuth for second in receptions, and he now has an 8-67-0 receiving line on 19 targets through two outings. Aaron Rodgers and the Steelers offense have been underwhelming to begin the season, and they'll face a Cincinnati defense allowing 25.0 fantasy points per game (9th) to WRs.",12.18933664,12.19933945,11.33117912,10.76185575,11.60872356,11.07484402,11.10284048,10.94511928,0.0,11.1488876,10.64238816,10.5350972,10.73162476,11.24737575,11.06529813,11.48521576,11.13876228,10.86221905,dk metcalf,9,11.058515132142857,14,2.0,7.35,16.66160016980703,9.5,0.0,0.2567567567567565,0.965,9.8,10.429257566071428,12.506705100649961,0.0,14.0,5.250967367246204,1.448189968507105,48,20,30
Kyren Williams,RB,LAR,32,45.63,ACTIVE,"Kyren Williams will look to get into the end zone for the Rams again in Week 3 versus Denver. Williams posted a 12-85-0 rushing line against the Giants on Monday Night Football and added a 2-12-1 line through the air. The veteran running back has scored each of the first two weeks of the campaign after racking up double-digit scores each of the past three seasons. The Broncos have struggled against the run so far in 2026, allowing the third-most rushing yards (286) to running backs.",13.67255689,14.47471087,12.5812108,12.66917683,14.19441368,14.77929716,13.75926536,13.77258212,14.22216858,14.25550759,0.0,13.80329753,13.5748908,12.88467308,14.01188231,12.33812661,13.26970084,12.84687284,kyren williams,11,13.579728092142858,14,2.0,15.6,11.597147483263562,2.5,11.5,0.08888888888888885,0.595,12.0,12.789864046071429,12.392291858468807,0.0,14.0,4.849057173747315,-1.1874362336740507,49,17,-17
Jayden Daniels,QB,WSH,56,58.62,OUT,"Jayden Daniels dislocated his elbow against the Cowboys in Week 2, the same elbow he injured last year for the Commanders. While the elbow is not fractured, Daniels is almost certain to miss Week 3 vs. the Seahawks. Veteran backup Marcus Mariota will likely start versus a devastating Seattle defense that is allowing just 8.5 points and 214 yards per game thus far in 2026, which is second in the league in both categories. Seattle is also allowing the fewest passing yards per contest at 124.5 per tilt.",16.83950007,19.79421746,0.0,0.0,0.0,0.0,0.0,18.5597621,18.47245223,19.47915468,19.92145701,20.27336327,19.43096221,18.33386326,20.82589394,17.65808683,18.93995956,19.88457923,jayden daniels,7,19.189495509000004,10,2.0,16.2,16.459764246066072,0.0,6.0,0.0,0.775,17.0,18.094747754500002,17.767751052813217,5.0,9.0,2.7300549028963523,-1.4217444561867865,50,5,6
Jeremiyah Love,RB,ARI,19,30.46,ACTIVE,"Jeremiyah Love is still looking for his first big breakout game heading into Arizona's Week 3 clash in San Francisco. Love has notched 20 rushes for 70 yards and touchdown through two games while adding 25 yards on five catches. Meanwhile, Tyler Allgeier has posted a 22-71-0 line, as both RBs have struggled with efficiency in the early going. Love seems likely to eventually separate as the Cardinals' clear-cut top RB, though the veteran Allgeier could cut into his carries throughout the campaign. The 49ers have been impressive in getting off to a 2-0 start, though they're giving up 4.04 YPC to running backs, just 20th in the league so far.",13.86048194,12.87668641,12.7457549,13.87381152,14.48423925,12.37668302,12.93024588,13.42211264,12.1312665,12.92053646,12.95545178,14.76496334,13.05197924,0.0,13.7886508,13.3956793,14.23195286,13.30318272,jeremiyah love,14,13.362380535000002,14,2.0,10.25,11.67323866574742,3.5,10.0,0.1117463617463615,0.41500000000000004,11.6,12.4811902675,12.211873066915807,0.0,14.0,2.323194092005309,-1.1505074680841947,51,18,-32
Drake Maye,QB,NE,58,56.57,ACTIVE,"Drake Maye will look to get on track when the Patriots face the Jaguars in Week 3. He is averaging just 183 passing yards through two weeks, with only one touchdown pass and four interceptions. Maye was picked off just eight times all last season. Opponents seem to be pressuring Maye, though Jacksonville is middling at getting after the passer. However, they've allowed only two touchdown passes while limiting quarterbacks to 44 rushing yards. With A.J. Brown still sidelined, Maye will be challenged to exhibit his 2025 form.",16.25394244,18.22985288,18.63525419,19.68629653,19.85521809,18.77555925,19.51036399,20.14836074,19.41717335,19.98384343,0.0,18.4228391,20.48485288,18.03371548,18.05269167,17.97519921,17.49939691,20.915656,drake maye,11,19.034340344285717,14,2.0,8.92,16.034764560954642,0.0,5.5,0.0,1.0,17.0,18.01717017214286,17.620689049905216,0.0,14.0,2.18788403046009,-1.4136512943805002,52,6,6
Patrick Mahomes,QB,KC,131,85.95,ACTIVE,"Patrick Mahomes has Kansas City's offense humming, and through two games, he's produced 566 passing yards and a 5:1 TD:INT while adding a touchdown on the ground. The superstar QB has spread the ball around effectively, as five different targets have been on the end of those TDs, and a revitalized running game with Kenneth Walker has prevented defenses from laying back and clogging the passing lanes. Mahomes could be headed for big numbers in Week 3 against a Dolphins defense that has yet to record a sack in 2026 and which sits 32nd in completion rate against at a stunning 78.8%.",15.48147217,18.22038326,19.63428942,18.57695024,0.0,18.75950279,15.9508636,16.24819899,18.26652278,19.01216786,19.96861608,19.23055355,16.76841526,18.16404248,17.94287718,18.30384192,17.99529271,19.33573866,patrick mahomes,5,18.201581061428573,14,2.0,25.32,17.427103941911486,0.0,4.5,0.0,1.0,17.1,17.65079053071429,17.60605321295373,0.0,14.0,1.98298231313926,-0.5955278484748447,53,7,78
Jaylen Waddle,WR,DEN,49,73.79,ACTIVE,"Jaylen Waddle broke out in the Broncos' Week 2 win over the Jaguars, erupting for an 8-138-0 line on 10 targets as he began to get on the same page as quarterback Bo Nix. Waddle logged plenty of downfield targets but also had a red zone look, usage that promises plenty more big performances. The former Dolphin hasn't had a 1,000-yard season since 2023, but the early returns in Denver suggest he'll have little trouble returning to that level in 2026. He'll face a Rams secondary in Week 3 that's allowed just 19 receptions to WRs through two weeks, tied for seventh in the NFL, but three of those have gone for touchdowns.",12.24395432,12.17764993,13.0759878,13.17871853,13.30272904,12.75835206,13.59578173,13.40916778,13.49571252,0.0,13.36305923,12.65016831,13.82093018,12.85197997,13.21364316,14.09362245,12.93412847,13.45415866,jaylen waddle,10,13.267427230714286,14,2.0,11.5,11.275760559908106,6.5,0.0,0.227969348659004,0.6799999999999999,12.2,12.733713615357143,12.247729263540798,0.0,14.0,1.6253056477179122,-1.0196979671734887,54,21,-5
David Montgomery,RB,HOU,60,75.4,ACTIVE,"David Montgomery produced just 24 scrimmage yards in Houston's Week 2 loss to the Bengals after scoring three TDs in his Texans debut. The veteran RB will cede some backfield work to Woody Marks, particularly if the Texans are forced to play catch-up, but Montgomery is the team's preferred option in valuable red-zone and short-yardage situations. Montgomery is poised for a bounce-back effort in Week 3 and can be trusted as a fantasy RB2 against a Colts defense that's allowing 177 yards per game on the ground.",12.66552464,14.20235668,11.91335324,12.00240779,11.81960142,11.61677398,12.57018765,0.0,11.130089,11.71849044,12.55895327,11.06092726,10.76466717,12.25577845,11.93400677,10.41151925,11.21706141,12.4621683,david montgomery,8,11.640986935714286,14,2.0,16.65,12.726824694407195,2.5,13.0,0.06054054054054055,0.505,12.1,11.870493467857143,12.155937210040493,0.0,14.0,1.5400920957509179,0.5149502743262069,55,19,5
Caleb Williams,QB,CHI,104,86.68,DOUBTFUL,"Caleb Williams is not expected to play in Week 3 as the Bears take on the Eagles. Williams went down with what looked like a freak injury against the Vikings in Week 2, but he now sits week-to-week with a hamstring ailment. Tyson Bagent is slated to get the start versus an Eagles defense that's allowed a middle-of-the-pack 20.6 fantasy points per game to quarterbacks across two games.",16.38930619,19.41957156,0.0,16.92245039,16.78457952,17.66562676,16.56582247,14.51429441,17.27019079,0.0,17.29924318,17.68317524,17.57523915,18.30294929,17.82125479,17.57532286,18.47931054,15.38924592,caleb williams,10,17.266112260769237,13,2.0,22.49,18.265761493749288,0.0,7.5,0.0,0.9299999999999999,17.4,17.33305613038462,17.519597203057554,2.0,12.0,0.6622270067938416,0.253484942288317,56,8,48
Jaylen Warren,RB,PIT,88,113.3,QUESTIONABLE,"Jaylen Warren and the Steelers welcome the Bengals to town for a Week 3 AFC North matchup. He rushed 11 times for 43 yards and brought in two of four targets for 34 yards during Pittsburgh's 20-3 loss to New England. Warren handled 11 of 20 carries from backs in this one, but the Steelers weren't able to get much going on offense. It looks like he's the 1A out of the backfield, and although it's not by a substantial amount, Rico Dowdle is considered questionable to suit up on Sunday with a toe injury. Warren faces a 14th-ranked Cincinnati defense in fantasy points allowed (19.0) to RBs.",12.62103937,11.38090111,14.91863712,13.08831442,13.86955645,12.66747981,13.14316984,13.59798917,0.0,12.78015495,12.08363189,12.48145835,12.65247341,12.86764696,12.60825921,14.0919478,13.19227779,12.12473994,jaylen warren,9,13.145928369285713,14,2.0,10.0,13.514705170716887,5.0,10.5,0.135135135135135,0.54,9.5,11.322964184642856,12.0535445133342,0.3,13.7,0.10431017739433113,-1.0923838559515122,57,20,31
Mark Andrews,TE,BAL,147,137.26,ACTIVE,"Mark Andrews and the Ravens look to rebound from an upset defeat when they visit the Cowboys in Week 3. He caught six of seven targets for 49 yards during Baltimore's 24-17 Week 2 loss, making it two straight outings with exactly 49 receiving yards for the 31-year-old. Andrews draws a favorable matchup versus a Dallas defense that surrendered eight receptions for 78 yards and two TDs to Isaiah Likely in the season opener. The Cowboys rank 26th in fantasy points allowed (16.9) and are one of two teams with a catch rate of 100% to TEs.",10.07315124,10.36711992,10.21126142,9.98065003,10.03170302,9.68223225,10.08773613,10.41312488,10.21001044,10.05970149,10.08293955,9.66090665,0.0,10.03120501,9.60570763,9.73425017,10.02473018,9.6650077,mark andrews,13,9.986868489285715,14,2.0,9.9,11.99540520501182,6.5,0.0,0.245689655172414,0.715,9.1,9.543434244642857,10.360757898099179,0.0,14.0,0.0,0.3738894088134632,58,9,89
Jaxson Dart,QB,NYG,91,85.06,OUT,,18.52088037,18.17765277,0.0,0.0,0.0,0.0,0.0,0.0,0.0,0.0,0.0,0.0,0.0,0.0,0.0,0.0,0.0,0.0,jaxson dart,8,,0,2.0,13.700000000000001,12.111909127945989,0.0,5.5,0.0,0.56,16.1,16.1,14.770636375981999,15.0,0.0,-0.0,,59,9,32
Travis Etienne Jr.,RB,NO,35,56.81,QUESTIONABLE,"Travis Etienne is expected operate as New Orleans' top running back in the Week 3 matchup against the Raiders. Despite signing a big contract with the Saints this past offseason, Etienne saw just 10 opportunities in the Week 2 win over the Ravens. He still leads the team in carries (17) but saw less work through the air, with Alvin Kamara (five catches on six targets) returning to the lineup. With Kamara back, Etienne may struggle to be fantasy relevant without finding the end zone against a Raiders defense that's allowed just 17.5 PPR fantasy points per game to RBs this season.",15.08432854,12.76600993,11.93399198,12.12239694,11.11536328,11.74368964,11.15799763,0.0,11.94967722,12.34245211,11.86541733,11.24596629,11.54522601,11.93062514,11.16102682,12.3564236,11.7220636,11.54809677,travis etienne,8,11.728022685,14,2.0,10.95,12.909769210317712,5.5,8.5,0.1177884615384615,0.565,11.5,11.6140113425,12.04593063177257,0.3,13.7,0.0,0.3179079467725714,60,21,-25
Jonathon Brooks,RB,CAR,95,128.76,INJURY_RESERVE,"Jonathon Brooks (groin) is expected to operate as the Panthers' No. 2 running back if active for the Week 3 matchup against the Browns. Brooks is considered week-to-week after tweaking the same groin he first injured during training camp in the Week 2 win over the Falcons. Prior to his injury, the Texas product was clearly operating as Carolina's second RB, tallying just nine carries for 30 yards and two catches for 43 yards over the team's first two contests. Brooks will likely to find fantasy relevance if active in Week 3, with Cleveland's defense allowing just 16.9 PPR fantasy points per game to the position thus far.",10.71049129,8.65136266,0.0,0.0,0.0,0.0,0.0,0.0,0.0,0.0,0.0,0.0,0.0,0.0,0.0,0.0,0.0,0.0,jonathon brooks,5,,0,2.0,4.65,5.489739195217709,1.5,4.5,0.045036764705882346,0.245,8.1,8.1,7.229913065072569,15.0,0.0,-0.0,,61,22,34
Brock Purdy,QB,SF,118,96.95,ACTIVE,"Brock Purdy will look to build upon a historic performance when San Francisco faces Arizona in Week 3. Purdy completed 20 of 22 passes for 287 yards and two touchdowns with no turnovers against Miami on Sunday, adding 30 yards and a touchdown on the ground. That stat line made Purdy the second passer in NFL history with 250 passing yards on a 90 performance completion rate in multiple games. The fifth-year signal caller may be without some of his weapons in Week 3 if Mike Evans (hip) and Demarcus Robinson (ankle) need to sit out, though early reports suggest Evans isn't dealing with a serious injury. The Cardinals could have a hard time containing Purdy after giving up 235 passing yards and three TDs to Seattle QB Drew Lock in a Week 2 loss.",15.48212099,20.59426378,20.80279091,17.75361145,16.64046767,20.92056712,19.82273115,0.0,20.14491722,18.99302465,17.91537687,17.46668132,19.17248896,18.31065659,18.73895128,18.35357142,18.38125903,20.02042714,brock purdy,8,18.81550683142857,14,2.0,24.79,13.891044432933196,0.0,4.0,0.0,0.925,17.9,18.357753415714285,17.464411619158067,0.0,14.0,0.0,-1.3510952122705042,62,10,56
Matthew Golden,WR,GB,123,129.62,ACTIVE,"Matthew Golden will remain a top option for Jordan Love as the Packers play the Falcons in Week 3. Golden led Green Bay in receiving yards against the Jets in Week 2, catching four of six targets for 58 yards. The second-year wide receiver is also now set to take on a larger role, at least in the short term, with Jayden Reed looking to miss some time with a neck injury.  Golden will look to expand on his 10-153-0 receiving line against an Atlanta defense that's allowed a middle-of-the-pack 30.3 PPR points per game to WRs.",11.00256492,10.84889434,11.41006178,11.12941154,11.40272581,11.48009988,11.25419449,11.22035673,10.60277824,10.51541963,0.0,10.51565616,10.84023977,11.57926212,11.41069739,11.05155215,10.60234858,11.39736236,matthew golden,11,11.072486019285716,14,2.0,12.65,15.52242198968284,9.0,0.0,0.253448275862069,0.84,9.8,10.436243009642858,12.131636002989518,0.0,14.0,0.0,1.0591499837038025,63,22,60
Quinshon Judkins,RB,CLE,40,68.93,ACTIVE,"Quinshon Judkins and the Browns welcome the Panthers to town for an interconference showdown in Week 3. He finished Cleveland's 23-19 upset win over the Buccaneers in Week 2 with 12 carries for 21 yards and caught all five targets for 27 yards. No other running back tallied more than two carries, so it's clear Judkins is still the No. 1 option out of the backfield, but that hasn't come with much success through two weeks of action. Next up is a Carolina defense that ranks 31st in fantasy points allowed (36.3) and last in TDs surrendered to RBs.",13.15348151,11.96663519,13.7206714,12.18700509,12.08053334,11.85219003,12.57007222,11.56846992,12.23095547,11.93049953,0.0,13.15770949,12.69537428,13.44023197,12.75791614,11.25883919,13.39577627,12.08737138,quinshon judkins,11,12.489017452857142,14,2.0,8.4,12.84706204930455,3.5,12.0,0.12878787878787895,0.66,10.6,11.544508726428571,11.97869316738723,0.0,14.0,-0.941324501394778,-0.5103242854699133,64,23,-24
Dak Prescott,QB,DAL,85,85.36,ACTIVE,"Dak Prescott tossed four touchdowns last game in a virtuoso performance for the Cowboys. Prescott completed 26-of-31 throws for 279 yards and the four scores in the dominant 37-20 win over the Commanders. Prescott has six touchdowns and just one pick through the first two games of the young season. In Week 3, Dallas hosts the Baltimore Ravens. Baltimore is allowing just 191 passing yards per contest, which is 12th in the NFL.",16.74869081,20.01222987,17.11230424,16.31449579,18.3916814,17.89233227,16.54682929,19.7536432,18.66188398,18.00340172,19.0007939,17.35444552,15.60773173,0.0,16.41378286,18.67462135,18.90460485,19.08300795,dak prescott,14,17.759468007142853,14,2.0,22.080000000000002,15.958829574566504,0.0,3.0,0.0,1.0,17.6,17.679734003571426,17.33555311777044,0.0,14.0,-1.804019019426761,-0.42391488937241206,65,11,20
George Kittle,TE,SF,79,75.31,ACTIVE,"George Kittle will look to build upon Sunday's strong performance when San Francisco hosts the Cardinals in Week 3. In just his second regular-season game since tearing his Achilles in January, Kittle led the 49ers with 80 receiving yards on four catches with one touchdown Sunday in a win over Miami. The veteran tight end remains a key target for QB Brock Purdy, and Kittle's importance in the passing game could be even more elevated with WRs Demarcus Robinson (ankle) and Mike Evans (hip) both managing injuries. Through two weeks, Arizona has allowed tight ends to catch all 10 of their targets for 105 yards.",8.37113432,10.50388985,12.66905102,11.9642276,11.82037304,12.67622895,12.40252542,0.0,12.29950652,12.56251312,11.86928515,11.91509701,12.34392341,12.15504858,12.34217872,12.32048038,12.15238798,12.50807567,george kittle,8,12.249487635714287,14,2.0,10.6,8.55054573683989,4.5,0.0,0.168767507002801,0.47,9.6,10.924743817857143,10.133344457518058,0.0,14.0,-3.1837881681356848,-2.1161431781962285,66,10,13
Cam Skattebo,RB,NYG,46,49.96,ACTIVE,"Cam Skattebo managed just 55 yards from scrimmage last game for the Giants. The bigger news may be that starting quarterback Jaxson Dart could be lost for the season due to a knee injury. With Jameis Winston under center, teams will likely gameplan to stop the run, which starts with Skattebo. That could mean tough sledding for the running game for the G-Men overall. However, in Week 3, the Giants will face a mediocre Titans run defense that has given up 120.5 rushing yards per tilt, which is 21st in the NFL. In addition, the Titans have already surrendered three rushing scores in the first two games of the season.",13.71360017,12.83219918,13.98761944,14.54268945,13.82556961,13.61383517,12.01236029,0.0,11.90738271,14.48286574,13.49642751,13.4994877,12.82496183,11.55184246,13.9025299,13.54864669,12.93817199,12.54515886,cam skattebo,8,13.29531360642857,14,2.0,11.8,13.105115497101114,2.0,15.0,0.0625,0.6,11.3,12.297656803214284,11.812801119105966,0.0,14.0,-3.263813177332459,-1.4825124873226034,67,24,-21
Rhamondre Stevenson,RB,NE,72,101.2,ACTIVE,"Rhamondre Stevenson's opportunities are questionable as the Patriots prepare for the Jaguars in Week 3. After a 23-touch season debut, Stevenson lost a fumble early in Week 2, an issue that's plagued him throughout his career, and ended with just seven touches. In a split backfield with Treveyon Henderson, New England will likely ride the Week 3 hot hand. Facing a defense that hasn't allowed an opposing rusher to go over 39 yards, both backs could be running uphill.",13.9707192,12.90556253,12.04572091,12.26374084,12.67658406,12.32200055,12.54463445,12.93026769,12.26311537,12.64250353,0.0,11.82791573,12.64794005,11.75084092,11.66239749,11.85663722,11.63668036,13.36629154,rhamondre stevenson,11,12.219355655,14,2.0,9.05,13.597265598626713,4.0,12.0,0.1443932411674346,0.605,9.3,10.7596778275,11.70554041787557,0.0,14.0,-4.7654629945580105,-0.5138152371244296,68,25,4
Emeka Egbuka,WR,TB,39,55.68,ACTIVE,"Emeka Egbuka is expected to remain the Buccaneers' top receiving option in the Week 3 matchup against the Vikings, whose defense has given up 38.9 PPR fantasy points to WRs this season. Egbuka had a rough Week 2 outing, finishing third on Tampa Bay in receptions (three) and targets (five) while slotting in at fifth in yards (16). However, he did score a touchdown and was on the field for 85 percent of the Buccaneers' offensive snaps, suggesting he'll remain the team's WR1. He's set for a tough Week 3 matchup against a Minnesota defense that gave up just three points and 163 passing yards to the Bears in Week 2.",14.03926201,13.79998904,12.37468765,13.08550796,13.05977762,12.37008474,13.07916128,13.27177832,13.02707521,0.0,13.26636577,13.27454454,13.04601411,12.61823181,12.96434227,13.07521621,12.57380713,12.76395126,emeka egbuka,10,12.934756758571428,14,2.0,10.8,10.164280152355435,5.5,0.5,0.186868686868687,0.86,12.2,12.567378379285714,11.76634563697562,0.0,14.0,-5.114065124194575,-1.168411121595808,69,23,-30
Joe Burrow,QB,CIN,70,63.9,ACTIVE,"Joe Burrow and the Bengals are on the road to face the Steelers in Week 3. After dealing with back spasms in practice, Burrow was a full go in Week 2, throwing for 207 yards (20-for-31) with two TDs and no INTs in the 20-6 victory. He faces a stout Pittsburgh defense that ranks first in fantasy points allowed (11.6) to QBs and seventh in passing yards allowed. Burrow is one of the best at his position, but fantasy managers should approach this matchup with caution after the Steelers held Drake Maye to 208 passing yards (14-for-22) with one pick while sacking him three times in Week 2.",18.15056965,16.50318618,16.41705015,18.72911057,19.59339674,0.0,16.55651472,19.15193934,19.31846336,17.30672998,19.18210173,18.41567669,17.49693261,18.10313261,18.75567422,18.67861188,17.45612509,18.38633554,joe burrow,6,18.225818549285712,14,2.0,15.17,14.814035740335607,0.0,3.0,0.0,1.0,16.9,17.562909274642855,17.013134567781407,0.0,14.0,-6.317878719273246,-1.2126839815043056,70,12,0
Kyle Pitts Sr.,TE,ATL,77,94.82,ACTIVE,"Kyle Pitts will look to bounce back from a slow start in the Falcons' Week 3 matchup against the Packers. Pitts has really struggled along with the majority of Atlanta's offense throughout the first two weeks, catching just one of four targets for 15 yards. However, he could really benefit from the return of Michael Penix as the team's starting quarterback heading into Week 3. While Penix was healthy during the 2025 season, Pitts averaged 4.2 receptions and 41.7 yards per game -- a vast difference from his 2026 production thus far. He's also in for a favorable matchup, as the Packers' defense has allowed 12.0 PPR fantasy points per game to tight ends this season.",9.83264968,10.38040289,9.88652789,9.81133707,9.88445807,10.05418203,9.91916479,9.88433971,9.968296,9.94412307,0.0,9.41393829,10.25355227,9.57901049,10.19421914,9.97512466,9.90686889,9.99315788,kyle pitts,11,9.905367312142857,14,2.0,1.25,3.9027107575552615,2.0,0.0,0.07470288624787774,0.505,,9.905367312142857,9.905367312142857,0.0,14.0,-6.375468203388497,0.0,71,11,6
C.J. Stroud,QB,HOU,296,164.03,ACTIVE,"C.J. Stroud threw for 353 yards but led the Texans to just six points in the absence of top WR Nico Collins (hamstring) during Week 2's loss to the Bengals. If Houston remains without Collins in Week 3 against the Colts, Stroud will likely lean heavily on TE Dalton Schultz once more against a Colts defense that allowed 41 points to the Ravens and then 33 to the Chiefs. Considering the Colts have surrendered the most points and yards in the NFL, Stroud is worth a look in superflex or multi-QB lineups, but he will likely remain ranked outside the starting range in single-QB formats, at least until Collins returns.",16.22983857,16.92943635,16.09313476,16.11390078,15.65987095,15.713119,16.34697195,0.0,15.14519282,14.94867185,16.8937575,14.94483343,13.97719845,16.52564542,16.11395404,13.96734462,15.32590551,16.45531158,cj stroud,8,15.554964362857145,14,2.0,16.740000000000002,21.316975598687783,0.0,2.5,0.0,1.0,,15.554964362857145,16.95136573155667,0.0,14.0,-7.182642426419555,1.3964013686995251,72,13,224
Jared Goff,QB,DET,159,136.14,ACTIVE,"Jared Goff will look to keep his high production rolling as the Lions take on the Jets in Week 3. Goff benefited from playing from behind in Week 2 at Buffalo, racking up 327 passing yards and four touchdowns on a 68.4 percent completion rate. The veteran quarterback has now totaled 533 passing yards with a 6:0 TD:INT across his first two games, and Detroit's lacking defense has only helped his output so far. Goff will take on a Jets defense that's allowed a top-10 fantasy points per game (14.2) to quarterbacks in the first two games of the season.",15.78437663,17.0130448,16.62203601,17.28789766,17.53547548,0.0,17.29726656,16.06802596,17.96101325,16.01593038,17.04396107,17.97562018,17.36064574,17.56218652,15.3804457,17.45757926,17.29937125,16.6103175,jared goff,6,17.06196107285714,14,2.0,23.11,17.014772507204764,0.0,2.5,0.0,1.0,16.6,16.83098053642857,16.892244526687303,0.0,14.0,-8.010339294590693,-0.16971654616983756,73,14,86
Chuba Hubbard,RB,CAR,110,109.97,ACTIVE,"Chuba Hubbard is expected to remain the Panthers' top running back in the Week 3 matchup against the Browns. Hubbard appears to have returned to his 2024 form over Carolina's first two games this season, rushing for 102 yards (4.6 yards per carry) and a touchdown while catching all five of his targets for 49 yards and a score. Additionally, with Jonathon Brooks (groin) exiting the Week 2 win in the fourth quarter, Hubbard's role could continue growing. He faces a difficult matchup, however, as the Browns' defense has given up just 16.9 PPR fantasy points per game through two weeks.",12.21881146,14.46376142,14.42657503,15.19693669,0.0,13.21543716,14.42014945,13.86207636,13.71050239,14.1300287,13.77407585,13.85169175,13.28273663,14.71428407,14.53643135,13.58321917,13.40002781,15.269643,chuba hubbard,5,14.007440886428572,14,2.0,19.05,10.873065837734288,2.5,11.0,0.07536764705882355,0.6799999999999999,9.5,11.753720443214286,11.460168908054285,0.0,14.0,-8.20066413205599,-2.5472719783742868,74,26,36
Josh Jacobs,RB,GB,92,121.23,DAY_TO_DAY,"Josh Jacobs is unlikely to play in the Packers' Week 3 matchup against the Falcons. Jacobs remains on the Commissioner's Exempt List at this point in the season, with no current indications of when he'll be back in action. A committee of MarShawn Lloyd, Chris Brooks and Kaleb Johnson will continue to provide Green Bay's rushing attack while the veteran is absent.",0.0,0.0,0.0,0.0,0.0,0.0,15.35273337,16.38082579,14.11395969,14.42428823,0.0,13.52659215,14.73109008,15.62827665,16.78867299,15.57254439,14.4092553,16.05081673,josh jacobs,11,15.092823864000001,10,,,,,,,,7.7,11.396411932000001,11.396411932000001,0.0,14.0,-9.09326179681597,-3.696411932,75,27,17
A.J. Brown,WR,NE,20,39.97,INJURY_RESERVE,,14.18250965,0.0,0.0,0.0,0.0,0.0,15.09659937,15.36904364,15.11928497,15.48441958,0.0,14.97396401,15.81168179,14.41876363,14.91714052,14.47640148,14.33968803,15.48883636,aj brown,11,15.000698702,10,1.0,5.6,6.453889494797511,4.0,0.0,0.129032258064516,0.44,9.1,12.050349351,10.931057379759501,6.0,8.0,-9.604628985840137,-4.069641322240498,76,24,-56
Kyler Murray,QB,MIN,149,151.27,ACTIVE,"Kyler Murray will return to the field as the Vikings travel to Tampa Bay in Week 3. Murray has cleared concussion protocol after suffering a nasty hit early in Week 1. The veteran quarterback will finally get the chance to prove himself, especially given that he completed just three of five passes for 18 yards and one interception before his opening-game departure. He'll face a Bucs defense that's allowed a middle-of-the-pack 20.4 fantasy points per game to QBs across its first two games.",16.39717541,0.0,17.34052086,20.26759111,17.35728691,0.0,19.28503549,18.50206078,19.51498406,17.55429665,17.2098111,19.43442891,19.39796566,16.45113091,19.39408699,19.75632,16.90048344,19.38019467,kyler murray,6,18.454714490714284,14,1.0,-0.38,3.356913816572134,0.0,2.0,0.0,0.17,,18.454714490714284,16.777181082476268,0.0,14.0,-9.621227513545186,-1.6775334082380162,77,15,72
Ladd McConkey,WR,LAC,41,63.92,ACTIVE,"Ladd McConkey was clearly limited by a rib injury in the Chargers' Week 2 loss to the Raiders, catching all three of his targets for 35 yards. That was still good enough to tie for the team lead in receptions, however, as Justin Herbert and the entire offense continue to adjust to the new scheme instituted by OC Mike McDaniel. McConkey is Herbert's clear top downfield option, and as he gets healthier, his production should begin to look more like the 5-82-1 line he delivered in the season opener before getting hurt in the third quarter. McConkey will get a favorable matchup in Week 3 against a Bills secondary that's given up the fourth-most receiving yards to WRs so far this year.",13.74055454,14.46568991,13.60329308,12.28420614,12.4531091,12.96884365,0.0,12.59677191,12.6390641,12.85427902,12.72511221,12.82039085,13.00857676,12.93868771,13.08657283,13.41944584,13.12530746,12.29488015,ladd mcconkey,7,12.894547189999999,14,2.0,12.85,8.694894580024073,5.0,0.0,0.18732193732193703,0.475,12.7,12.797273595,11.429813923341356,0.0,14.0,-9.825509115074265,-1.4647332666586426,78,25,-37
Adonai Mitchell,WR,NYJ,213,168.4,ACTIVE,"Adonai Mitchell hopes for a continued elevated workload in Week 3 when the Jets face the Lions. After just three targets in a run-heavy Week 1, Mitchell logged an eye-opening 12 targets in Week 2, with the Jets throwing 41 times. Detroit's defense has been a fantasy bonanza for opposing offenses, allowing the sixth-most fantasy points to wideouts. Assuming the Lions score plenty themselves, the Jets should throw heavily, giving Mitchell ample opportunities for a big play or two.",8.05574289,9.05821551,10.6297173,10.50999519,10.22286943,10.05183556,10.89338182,10.48161646,10.29445188,11.02600121,10.36746399,10.75905662,0.0,9.88631686,10.65071809,10.21705093,9.99049483,10.86481006,adonai mitchell,13,10.427212154999998,14,2.0,10.65,13.352420035038708,7.5,0.0,0.2318840579710145,0.7549999999999999,,10.427212154999998,11.402281448346235,0.0,14.0,-10.210963765005964,0.9750692933462375,79,26,134
Dallas Goedert,TE,PHI,129,119.29,DOUBTFUL,"Dallas Goedert suffered a knee injury last game for Philadelphia and did not return, leaving his status in question for Week 3 versus Chicago. Goedert is set to undergo testing to determine the nature and extent of the issue. Johnny Mundt caught two apsses in Goedert's place, and would be the next man up if Goedert cannot suit up. In Week 3, Philadelphia will face a Bears defense allowing 240 passing yards per tilt thus far this season, which is 25th in the NFL.",10.93243098,10.7895129,0.0,0.0,11.03133733,10.95101798,11.08877478,11.07039001,10.88142699,0.0,10.46691744,11.03287309,10.96253486,11.13015743,10.43653059,10.53982787,10.81240826,10.83865231,dallas goedert,10,10.867016385833333,12,2.0,12.549999999999999,6.504900509912799,3.5,0.0,0.14304812834224584,0.6,,10.867016385833333,9.412977760526488,3.0,11.0,-10.4255815132996,-1.4540386253068451,80,12,49
Bryce Young,QB,CAR,320,150.99,ACTIVE,"Bryce Young will look to stay hot in the Panthers' Week 3 matchup against the Browns, whose defense has surrendered 22.1 fantasy points per game to quarterbacks this season. Young has been one of the most productive QBs in the NFL through two weeks, as he's tied for the most touchdown passes in the league (six) while ranking second in passing yards (648). He's also threatened defenses with his legs, adding 16 yards and a score on the ground. Young could very well finish as one of fantasy's top quarterbacks again in Week 3 while playing a Browns defense that's allowed five touchdown passes this season.",15.68576365,16.59967041,16.74572299,19.05104992,0.0,15.63045718,17.72343433,17.16138353,15.87141698,16.8091908,16.73733441,16.83281785,15.62911972,17.70527344,18.03230304,15.64331873,15.57602735,19.02925367,bryce young,5,16.796346447857143,14,2.0,27.759999999999998,16.515770499170692,0.0,1.5,0.0,0.9199999999999999,,16.796346447857143,16.702821131628326,0.0,14.0,-10.662266825416374,-0.09352531622881699,81,16,239
Juwan Johnson,TE,NO,181,158.18,ACTIVE,"Juwan Johnson is expected to remain one of New Orleans' top receiving options in the Week 3 matchup against the Raiders. Despite a dip in snap rate and route share compared to Week 1, Johnson paced the Saints' tight end corps in receptions, targets and yards in Week 2. He ranks third on the team in targets and yards, which is a positive outlook for his value going forward. However, Johnson is in for an unfavorable matchup, as Las Vegas' defense has allowed just 10.3 PPR fantasy points per game to tight ends this season.",8.82512362,8.87236904,9.17908776,9.33562467,8.84736532,9.20737057,8.8331628,0.0,8.96726245,9.35116321,9.24547194,9.21111164,9.24127226,9.27402781,9.16939609,9.4153985,9.24560037,9.24630194,juwan johnson,8,9.180236813571426,14,2.0,12.5,10.257079627015635,5.5,0.0,0.1298076923076925,0.685,,9.180236813571426,9.539184418052828,0.0,14.0,-11.502028720648902,0.3589476044814024,82,13,99
Malik Nabers,WR,NYG,33,39.16,QUESTIONABLE,"Malik Nabers injured his shoulder last game for the Giants. He was able to return, but still may undergo additional testing this week. The bigger news may be that starting quarterback Jaxson Dart could be lost for the season due to a knee injury. With Jameis Winston under center, Nabers will likely see his stock take a hit. However, if Nabers can suit up in Week 3, the Giants will face a lackluster Titans defense allowing 233.5 passing yards per clash, which is 20th in the league.",12.70740791,14.92657998,14.43309123,14.78225453,14.75605091,14.33813906,13.63268898,0.0,13.77965324,14.92756161,14.66385192,14.66869696,14.30939192,13.40859849,13.99367155,14.70016018,14.4958588,13.97970966,malik nabers,8,14.349262098571428,14,2.0,7.0,11.380344129969172,6.5,0.0,0.2176724137931035,0.63,12.4,13.374631049285714,11.184684493705243,1.0,13.0,-12.310369620695582,-3.164577604866185,83,27,-50
Saquon Barkley,RB,PHI,15,20.89,QUESTIONABLE,"Saquon Barkley missed portions of Philadelphia's last game due to a stinger, leaving his status in question for Week 3 versus the Bears. Barkley is slated to undergo an MRI to determine if he will miss any time. Saquon had five carries for just 20 yards in the 24-20 win over the Titans. Meanwhile, Tank Bigsby had 15 touches and a touchdown, while Will Shipley saw nine touches and managed 29 yards overall. Bigsby and Shipley would likely split touches if Barkley cannot go, with Bigsby getting the slight edge. The Eagles will face a Bears run defense in Week 3 allowing 122 yards per clash on the ground, which is 22nd in the league.",17.67018601,17.61534886,17.37363433,16.00211892,16.709744,18.05948384,17.0985639,17.34990692,17.7584862,0.0,16.57228076,16.45143629,17.42546739,17.70024281,15.70380184,16.25319939,15.68409192,17.08905201,saquon barkley,10,16.867318465,14,2.0,6.0,9.28782378228533,2.0,9.5,0.0748663101604278,0.435,12.8,14.8336592325,11.03729030339751,1.0,13.0,-13.112324268875783,-5.83002816160249,84,28,-69
Jameson Williams,WR,DET,54,86.29,ACTIVE,"Jameson Williams will look to do more as the Lions play the Jets in Week 3. Williams' output has been disappointing so far this season, with just six catches for 78 yards across two games. The fifth-year wideout has also reaped no benefits from Detroit's struggling defense, with Amon-Ra St. Brown currently carving out a monopoly in the wide receiver room. Williams will face a New York defense that's allowed 27.2 PPR points per game to its first two opponents, a top-10 mark.",12.11841851,12.32831842,10.9279573,11.29463621,11.36693047,0.0,11.25275863,10.7620344,11.44552475,10.91523217,11.2312849,11.3704387,11.26186748,11.23849966,10.63072045,11.29099248,11.2477138,11.12229135,jameson williams,6,11.15975652857143,14,2.0,6.9,11.357933364956086,6.5,0.0,0.168016194331984,0.905,10.9,11.029878264285715,11.139229964509171,0.0,14.0,-13.893684538724855,-0.0205265640622585,85,28,-31
Tucker Kraft,TE,GB,109,109.8,ACTIVE,"Tucker Kraft will look to get more involved as the Packers play the Falcons in Week 3. Kraft was held to just two catches for 15 yards in Week 2, but Green Bay's passing attack was lacking for most of the game. The bruising tight end will seek to re-establish himself as a top outlet for quarterback Jordan Love. Luckily, an Atlanta defense that's allowed 20.7 PPR points per game to tight ends so far this season, 29th in the league, could be a great place to start.",8.97417598,10.582825,10.27332161,10.16350169,10.28560454,10.43426611,10.22004005,10.11927242,9.71390961,9.59369721,0.0,9.66629239,9.89119244,10.47034091,10.24182933,10.01978082,9.69204894,10.29437088,tucker kraft,11,10.056078433571429,14,2.0,6.5,8.592934653933808,4.5,0.0,0.1267241379310345,0.8200000000000001,9.3,9.678039216785715,9.31633769583508,0.0,14.0,-14.621882831697391,-0.7397407377363496,86,14,23
Trevor Lawrence,QB,JAX,113,109.67,ACTIVE,"Trevor Lawrence crashed back down to earth with 189 passing yards and no TDs in the Jaguars' Week 2 loss at Denver after tossing four touchdown passes in the season-opening win over Cleveland. Lawrence and the Jaguars return home for a Week 3 showdown with the Patriots, who have allowed just 16 total points in two games. The daunting matchup drops Lawrence to the QB1/QB2 borderline, so this could be the week to plug in an alternative option if available. Lawrence threw 22 touchdown passes in the eight starts preceding his Week 2 dud, so the 2021 first-overall pick maintains elite upside.",16.91473316,15.90718672,17.44242062,17.6517642,16.64243369,16.4155229,0.0,19.35748529,16.38166885,18.02915278,17.92760156,18.88313669,18.57137816,17.09144417,15.97597375,17.67213208,19.81400433,18.49620443,trevor lawrence,7,17.704008504999997,14,2.0,16.130000000000003,13.067414743088424,0.0,2.0,0.0,0.94,16.8,17.2520042525,16.415086350617685,0.0,14.0,-14.690553759565354,-1.2889221543823126,87,17,26
Mike Evans,WR,SF,68,92.82,QUESTIONABLE,"Mike Evans picked up a hip injury in San Francisco's win over Miami on Sunday, but early indications suggest he'll be fine for a Week 3 matchup versus the Cardinals. Evans has established a nice rapport with QB Brock Purdy so far this season, as the veteran wideout has caught nine of 10 targets for 103 yards and a touchdown. San Francisco's WR corps has been thinned by the season-ending injury to rookie De'Zhaun Stribling (ankle) and Demarcus Robinson's more recent ankle injury, which will likely sideline him for Week 3, so Evans' availability as a reliable target for Purdy has taken on increased importance. Arizona was crushed by star wideout Jaxon Smith-Njigba (9-155-3 receiving line) in Week 2 and has given up four total receiving TDs to wideouts through two games.",10.64994671,12.9944221,12.48070976,11.58498796,11.38570373,12.4842011,12.14836739,0.0,12.05580582,12.22301757,11.50491621,11.52821744,12.03464147,11.79704617,12.01231336,11.96347278,11.79394969,12.25764487,mike evans,8,11.928382175,14,2.0,12.649999999999999,8.425965399867048,5.0,0.0,0.1743697478991595,0.645,12.4,12.1641910875,10.918115858289015,1.0,13.0,-15.77576188110654,-1.0102663167109842,88,29,-20
Aaron Jones Sr.,RB,MIN,116,128.78,QUESTIONABLE,"Aaron Jones should continue to have a high-usage role as the Vikings travel to Tampa Bay in Week 3. Jones saw a big workload in Week 2 with Jordan Mason (thumb) on IR, rushing the ball 23 times for 105 yards. The veteran running back should continue to have a huge role in the coming weeks, while questions remain with the passing game under returning quarterback Kyler Murray. Jones will face a Buccaneers defense that's allowed a middle-of-the-pack 19.5 PPR points per game to RBs.",10.42279895,14.14553816,13.64404284,16.16899796,14.01071325,0.0,11.07217658,10.68436343,10.84008193,10.187636,10.10516319,11.04524895,11.22162746,10.0165921,11.04277052,11.23139514,10.22702983,11.16796854,aaron jones,6,11.53555994142857,14,2.0,10.25,13.115042130549444,0.5,17.5,0.0217391304347826,0.635,7.9,9.717779970714286,10.85020069065934,0.3,13.7,-16.381500193251252,-0.6853592507692294,89,29,27
Bhayshul Tuten,RB,JAX,48,82.93,ACTIVE,"Bhayshul Tuten emerged as the clear No. 1 option in Jacksonville's backfield heading into a Week 3 home game against the Patriots, ahead of Chris Rodriguez and pass-catching specialists LeQuint Allen and Ameer Abdullah. Through the first two games of his sophomore season, Tuten turned 28 carries and three targets into 150 scrimmage yards and one TD. The speedster is a viable RB3/flex for Week 3, though expectations should be tempered against a New England defense that's off to an elite start, having allowed just 16 points through two games.",11.96086575,10.05459552,11.0016522,10.79729895,10.41014094,10.52442176,0.0,11.84174608,10.1645741,11.26558437,11.37917297,11.76630483,11.5441526,11.00293932,10.28275049,10.89390328,12.09501354,11.33908513,bhayshul tuten,7,11.069261102142857,14,2.0,12.0,11.518690582524599,1.5,14.0,0.0595238095238095,0.5,10.0,10.534630551071428,10.862650561555819,0.0,14.0,-16.56592098303452,-0.20661054058703776,90,30,-42
Baker Mayfield,QB,TB,174,157.06,ACTIVE,"Baker Mayfield is set for a difficult Week 3 matchup when the Buccaneers take on the Vikings, whose defense has allowed 20.6 fantasy points per game to quarterbacks this season. Mayfield has really struggled during Tampa Bay's first two contests, accounting for just two touchdowns while turning the ball over four times. He's thrown for just 184.5 passing yards per game while completing 71 percent of his passes. Additionally, he's in for a tough Week 3 matchup, with Minnesota's defense giving up just 12.5 points per game this season.",16.28481367,16.80187106,15.60134145,17.02936112,16.20706656,15.63131184,17.05277055,17.92031874,17.04086548,0.0,17.07900746,17.86765188,16.82059712,14.97333842,16.7065663,17.10513644,15.54265135,15.88161429,baker mayfield,10,16.61271319357143,14,2.0,11.91,17.187029454567117,0.0,4.5,0.0,1.0,14.9,15.756356596785714,16.233247549379517,0.0,14.0,-17.23629697689971,-0.37946564419191375,91,18,83
Jordyn Tyson,WR,NO,218,169.55,INJURY_RESERVE,,0.0,0.0,0.0,0.0,0.0,0.0,0.0,0.0,9.90248611,10.3566504,10.19153882,10.1253297,10.20642487,10.22864283,10.06003725,10.43611374,10.21572499,10.18781253,jordyn tyson,8,10.191438745555553,9,,,,,,,,,10.191438745555553,10.191438745555553,5.0,9.0,-17.461775316905687,0.0,92,30,126
Harold Fannin Jr.,TE,CLE,76,93.66,ACTIVE,"Harold Fannin and the Browns host the Panthers in Week 3 for their 2026 home opener. He finished Cleveland's 23-19 win over the Buccaneers in Week 2 with five catches on six targets for 54 yards. Fannin is still searching for his first TD of the season after collecting six as a rookie, as fellow tight end Blake Whiteheart was on the receiving end of a 17-yard score from Deshaun Watson. Fannin looks to find the end zone against Carolina's eighth-ranked defense in fantasy points allowed (9.0) to TEs.",11.12322685,10.03454276,9.79159439,9.17529568,9.14220148,9.48583949,9.52602198,9.04826218,9.4314817,9.22169577,0.0,9.57244175,9.67496982,9.76161662,9.56498848,9.34827426,9.9345436,9.54027749,harold fannin,11,9.477087657142857,14,2.0,7.25,7.978295356071996,4.5,0.0,0.168181818181818,0.84,9.7,9.588543828571428,9.051794337738285,0.0,14.0,-18.325489845052516,-0.42529331940457205,93,15,-17
Matthew Stafford,QB,LAR,137,114.77,ACTIVE,"Matthew Stafford will look to replicate a huge Week 2 performance when the Rams face Denver in Week 3. On Monday Night Football, Stafford threw for 327 yards and four touchdowns with one interception against the Giants. The reigning NFL MVP didn't have star wideout Puka Nacua (hip) for that contest, so he turned to veteran Davante Adams, who logged eight catches for 195 yards and two of Stafford's TDs. Denver could pose a more potent threat, as the Broncos have a talented secondary and have limited QBs to a 74.5 passer rating, fifth-best in the NFL, through two weeks.",17.49967376,18.21125763,15.72444961,16.36884784,19.36786731,19.37962975,18.00845991,18.22722447,18.75219977,18.63809839,0.0,18.39324996,17.82108141,16.9812764,18.3677803,15.44088926,17.36229724,16.20771973,matthew stafford,11,17.77381083,14,2.0,15.54,14.806835139579405,0.0,3.0,0.0,0.9199999999999999,15.7,16.736905415,16.09354865652647,0.0,14.0,-19.192081476842375,-1.6802621734735297,94,19,43
Luther Burden III,WR,CHI,64,99.91,ACTIVE,"Luther Burden will aim to get things going as the Bears play the Eagles in Week 3. Burden has had a slow start to his sophomore campaign, with just eight catches on 12 targets for 95 yards across two games. He could also be in for even worse output, given the unknowns that come with Tyson Bagent starting under center in place of Caleb Williams (hamstring). Burden will take on a Philadelphia defense that's allowed a middle-of-the-pack 29.4 PPR points per game to WRs this season.",12.00017353,12.46125213,11.16368351,11.38240784,11.63589041,11.81716901,11.44091332,10.90425991,11.76763033,0.0,11.7149765,12.00326152,11.97082866,12.06811504,12.19518986,11.7809085,12.18154322,10.99890201,luther burden,10,11.716198402142856,14,2.0,7.85,10.668486657108868,6.0,0.5,0.2128205128205125,0.6499999999999999,11.2,11.458099201071427,10.747099218960551,0.0,14.0,-19.383514976405536,-0.9690991831823048,95,31,-31
Jordan Mason,RB,MIN,160,161.67,INJURY_RESERVE,"Jordan Mason will be out for Week 3 as the Vikings take on the Bears. Mason hurt his thumb after week one against the Packers, and he's been placed on IR for the injury. Mason will remain sidelined for at least the next three weeks, priming veteran Aaron Jones for a continued big role moving forward.",9.60394495,0.0,0.0,0.0,0.0,0.0,10.50503963,9.96799635,10.15155207,9.39615578,9.20819992,10.67546799,10.8326914,9.16680174,10.50311606,10.79690602,9.58379781,10.77417428,jordan mason,6,10.071611342727271,11,1.0,11.9,10.557591615222979,0.0,15.0,0.0,0.45,8.7,9.385805671363634,9.620162860135503,6.0,8.0,-19.40614217309654,-0.4514484825917684,96,31,64
Michael Wilson,WR,ARI,100,127.38,ACTIVE,"Michael Wilson faces a tough challenge in Arizona's Week 3 matchup in San Francisco. Wilson was quiet against Seattle this past Sunday, catching just two of seven targets for 18 yards. However, he was still the Cardinals' second-leading receiver in a game during which QB Jacoby Brissett threw for just 95 yards. The 49ers have surrendered only 15.6 fantasy points per game to wideouts, the ninth-best mark in the league threw two weeks.",10.45649308,9.95317849,11.27930848,11.48481085,11.9584476,10.96718964,10.88459957,11.62019572,10.73470042,11.14660213,11.35459549,12.01685532,11.20787149,0.0,11.17258285,11.34096217,11.52301815,11.47345223,michael wilson,14,11.335124277142858,14,2.0,7.199999999999999,11.802377829674624,7.0,0.0,0.229209979209979,0.895,9.0,10.16756213857143,10.712500702272495,0.0,14.0,-19.86789421003833,-0.6226235748703637,97,32,3
Jadarian Price,RB,SEA,62,97.48,QUESTIONABLE,"Jadarian Price injured his shoulder in the Seahawks' Week 2 win over Arizona, and it's unclear if he'll be able to play in Week 3 against Washington. The rookie RB was injured in the fourth quarter versus the Cardinals and finished the game with 13 carries for 52 yards and one catch for eight yards. Should Price not be able to play in Week 3, Emanuel Wilson would be he lead candidate to take over as the Seahawks starting RB. The Commanders have been awful against the pass but decent against the run this season and are yielding just 3.79 YPC against running backs.",14.09680739,13.20670933,12.079399,13.19713845,12.79340772,11.9127224,10.45124301,11.38068025,11.45101032,10.61994927,0.0,9.88475769,10.83756502,11.23348046,9.71498487,10.04834919,11.01199548,9.63077974,jadarian price,11,11.186905937857142,14,2.0,6.4,11.00559554433508,2.0,11.5,0.0801282051282051,0.41000000000000003,9.1,10.143452968928571,10.430833827397407,1.0,13.0,-20.996258456877122,-0.7560721104597352,98,32,-36
Terry McLaurin,WR,WSH,51,84.08,ACTIVE,"Terry McLaurin led the Commanders in targets last game with nine opportunities. Unfortunately, Scary Terry could only cash in two of those chances for 50 yards in a loss to the Cowboys. Starting quarterback Jayden Daniels only played a half due to injury, and veteran backup Marcus Mariota will likely start in Week 3 versus a devastating Seattle defense. The Seahawks are allowing just 8.5 points per game thus far in 2026, which is second in the league. Seattle is also allowing the fewest passing yards per contest at 124.5 per tilt. None of this appears to be a recipe for success for McLaurin and the rest of the Washington offense.",12.23195369,12.43705454,11.89103371,12.7756039,12.55477438,12.2841915,0.0,11.80196684,11.76425839,12.05641269,12.21311955,12.2916287,12.03084387,11.67888201,12.29820257,11.43345987,12.1512373,12.3202663,terry mclaurin,7,12.087543948571428,14,2.0,5.2,11.350463109951724,6.5,0.0,0.20131845841785,0.7849999999999999,11.1,11.593771974285714,10.5916554979471,0.0,14.0,-21.55972707059386,-1.495888450624328,99,33,-48
Hunter Henry,TE,NE,192,160.37,ACTIVE,"Hunter Henry will look to keep expanding his role for the Patriots in Week 3 against the Jaguars. In their first full game without A.J. Brown in Week 2, Henry logged a 92% snap share but drew only five targets, turning them into three catches for 40 yards. Drake Maye has struggled to open the season, posting a 1:4 TD:INT ratio, and while someone has to catch the limited passes, Henry faces a challenging matchup against a defense that hasn't allowed an opposing tight end to top 32 yards against them so far.",8.23845277,9.37310334,10.05804453,10.32889215,9.89171427,9.63995231,9.31086696,9.49249853,9.30666408,9.52278209,0.0,9.25670103,9.72373187,8.91228268,9.20779378,8.92130742,8.86023465,9.55051617,hunter henry,11,9.459533310714287,14,2.0,6.3,7.495931435555907,4.0,0.0,0.16743471582181255,0.835,,9.459533310714287,8.80499935232816,0.0,14.0,-21.78061964079426,-0.6545339583861267,100,16,92
Bo Nix,QB,DEN,136,127.55,ACTIVE,"Bo Nix rebounded from a sluggish opener to lead the Broncos to a comeback win over the Jaguars in Week 2. The third-year QB has a meager 2:2 TD:INT through two games and has yet to add any production on the ground, but his 288 passing yards In Week 2 were more than double the Week 1 total, and his completion rate jumped from 60.7% to 71.0%. Nix also began establishing some chemistry with new top wideout Jaylen Waddle, who erupted for an 8-138-0 line on 10 targets. Nix will face a Rams defense in Week 3 that has held opposition QBs under a 60% completion rate to begin the season.",16.13492696,18.55112576,16.56344477,16.46659966,17.0502739,15.71782281,18.44202993,17.48924251,18.17932333,0.0,18.58564222,15.84626059,19.77961169,16.57988582,17.71921579,19.18161641,16.15730423,17.91830533,bo nix,10,17.41130526142857,14,2.0,9.78,14.560866054463709,0.0,4.0,0.0,1.0,15.7,16.555652630714285,15.890723771964092,0.0,14.0,-22.03162986071565,-1.5205814894644778,101,20,35
TreVeyon Henderson,RB,NE,66,101.28,ACTIVE,"TreVeyon Henderson will look to build on an impressive debut when New England faces Jacksonville in Week 3. After missing Week 1 due to an ankle injury, Henderson shouldered 16 carries in Week 2, putting up 76 yards and a touchdown. While he wasn't targeted in the passing game, Henderson showed his elite big-play ability. Rhamondre Stevenson was an afterthought after losing an early fumble, but with New England struggling to pass the ball effectively, this has the look of a run-first, split backfield. Jacksonville is allowing just 3.2 yards per carry and 110 total rushing yards through two weeks, which will keep Henderson's Week 3 expectations in check.",0.0,9.31387551,10.50040816,10.67947142,11.3037357,10.97402624,11.1248043,11.52770072,10.83335627,11.16406944,0.0,10.33241078,11.1254053,10.35969175,10.14794281,10.47567382,10.2251513,12.0198459,treveyon henderson,11,10.769560572142856,14,1.0,13.6,11.2804904016247,0.0,16.0,0.0,0.6,9.7,10.234780286071427,10.443922309182081,0.0,14.0,-22.428116516266847,-0.3256382629607746,102,33,-36
Terrance Ferguson,TE,LAR,205,167.24,QUESTIONABLE,"Terrance Ferguson is coming off a big game as the Rams prepare to face Denver in Week 3. Ferguson notched six catches on nine targets for 54 yards and a touchdown on Monday Night Football, trailing only star wideout Davante Adams in receptions, targets and receiving yards. That followed Ferguson's quiet Week 1 performance, when he didn't catch his only target. Repeating Monday's big effort could be tough for Ferguson in Week 3, as he'll face a Broncos defense that limited Jacksonville's tight ends to a modest 24 receiving yards Sunday.",8.07554395,7.46292563,7.93547882,8.14927874,8.77018445,8.54211477,8.26884407,8.42408828,8.57580834,8.48805167,0.0,8.39651729,8.39073734,8.30082539,8.55348022,7.94947567,8.34380731,8.02516643,terrance ferguson,11,8.363478025714286,14,2.0,8.7,9.297840389192967,5.0,0.0,0.16851851851851848,0.5449999999999999,,8.363478025714286,8.674932146873847,0.3,13.7,-23.095812791787047,0.31145412115956006,103,17,102
T.J. Hockenson,TE,MIN,194,158.84,ACTIVE,"T.J. Hockenson will look to stay involved as the Vikings travel to Tampa Bay in Week 3. Hockenson saw his volume go down a bit in Week 2 against the Bears, reeling in just three catches for 29 yards. The starting tight end looks like he'll be a touchdown-dependent fantasy option. With that being said, Kyler Murray is slated to start Sunday, and he's been known to rely on his tight ends in the past. The Bucs have allowed 22.1 PPR points per game to TEs so far this season, 31st in the lerague.",9.197492,9.55791784,9.18095207,9.48564285,9.10795079,0.0,9.48893813,9.41348789,9.66872815,9.13579661,9.1590614,9.27237052,9.31512117,8.91522853,9.48836286,9.49304278,8.7972009,9.29115781,tj hockenson,6,9.280134617857142,14,2.0,9.75,8.137253795174189,4.5,0.0,0.21395881006865,0.675,8.7,8.99006730892857,8.70579613767711,0.0,14.0,-23.16946464590896,-0.5743384801800318,104,18,90
Rashee Rice,WR,KC,25,34.47,ACTIVE,"Rashee Rice's volume ticked up in Kansas City's Week 2 overtime win over the Colts, posting a 4-83-0 line on six targets. Xavier Worthy has been getting more looks from Patrick Mahomes, and Rice's targets have mainly come very close to the line of scrimmage. He's got the run-after-catch ability to turn those short receptions into big gains, but he may not be a high-volume option in an offense that has prioritized Kenneth Walker and the running game. Rice will face a Dolphins defense in Week 3 that's given up five passing TDs through two games, but only one to a wide receiver.",14.36271763,15.03562789,12.73661337,12.29429486,0.0,12.50999184,11.70931447,11.68806066,12.1029298,12.51103297,12.76868832,12.92832672,11.9648627,12.42540826,12.18214404,12.41955795,12.3691757,12.43307002,rashee rice,5,12.329314404285714,14,2.0,11.100000000000001,6.5510028098542135,4.0,0.0,0.109767441860465,0.81,12.5,12.414657202142857,10.460105738046643,0.0,14.0,-23.401423709200255,-1.8692086662390714,105,34,-80
Malik Washington,WR,MIA,312,169.69,ACTIVE,"Malik Washington brings steady volume ahead of the Dolphins' Week 3 matchup with the Chiefs. With Malik Willis under center, Miami has completed just 29 passes through two games, but seven have gone to Washington, who's averaging 6.5 targets. Kansas City's rebuilt secondary has been terrific through two games, allowing just 204 yards to opposing wideouts. Washington seems unlikely to produce any massive numbers, but he also appears to be a steady cog in this limited offense, keeping him on WR3/Flex radars.",6.21410526,7.54439082,9.77257867,9.17979301,9.89776331,0.0,9.35638744,9.53623444,10.15764132,10.00613711,10.15777079,9.50488391,9.11941716,10.00401229,9.67519332,9.84407056,10.31545239,9.38660891,malik washington,6,9.751952551428573,14,2.0,7.5,11.732962287189434,6.5,0.5,0.256843800322061,0.855,,9.751952551428573,10.412289130015527,0.0,14.0,-24.070856221635882,0.6603365785869535,106,35,206
Justin Herbert,QB,LAC,97,113.72,ACTIVE,"Justin Herbert has had a rough start to the season with Mike McDaniel as his new offensive coordinator. Through two games, he's completed less than 60% of his passes with a 2:3 TD:INT ratio and barely over 200 passing yards per game. Ladd McConkey was his only reliable target in the Chargers' opener, but the third-year wideout was limited by a rib injury in Week 2's loss to the Raiders, and no one else stepped up. As in years past, Herbert's protection has also been decimated by injuries. An offensive line that was already missing starting center Tyler Biadasz was down to a third-string left guard against Las Vegas in Week 2, and the team also lost its two best blocking tight ends, Charlie Kolar and David Njoku, over the course of that contest. Herbert could be in for another long day in Week 3 against a Bills defense that has seven sacks through two games, tied for fourth in the league, but which has been vulnerable through the air when the opposing QB has found some time.",18.9940644,19.48423796,17.25698365,13.97753668,15.111976,15.65294351,0.0,14.77600898,15.4926077,15.04958282,16.4127935,16.03673807,15.94514737,16.68045582,16.35691119,17.79434622,16.46861185,14.289529,justin herbert,7,15.929474525714285,14,2.0,10.57,15.389761316808368,0.0,4.0,0.0,1.0,15.9,15.914737262857143,15.739745280840884,0.0,14.0,-24.145328736440565,-0.18972924487340137,107,21,-10
Alvin Kamara,RB,NO,182,162.23,ACTIVE,"Alvin Kamara is expected to operate as the Saints' top pass-catching back in the Week 3 matchup against the Raiders. In his return from a sprained MCL in the Week 2 win over the Ravens, Kamara led the Saints' backfield in carries (nine), targets (six) and receptions (five). Despite this, Travis Etienne was more efficient with his opportunities, averaging 3.1 yards per carry compared to Kamara's 1.7. Even so, the Saints' backfield is in for a tough Week 3 matchup against a Las Vegas defense that's allowed just 3.8 yards per carry thus far.",0.0,6.38889409,9.58184023,9.74270331,8.88435112,9.41461738,8.91536752,0.0,9.59490794,9.93314274,9.52848698,9.00138963,9.25692118,9.581541,8.92654679,9.94585034,9.4064112,9.25689499,alvin kamara,8,9.408148382857146,14,1.0,7.2,13.862770542447054,6.0,9.0,0.1875,0.29,,9.408148382857146,10.299072814775126,0.0,14.0,-24.45600943796422,0.8909244319179805,108,34,74
DJ Moore,WR,BUF,52,77.51,QUESTIONABLE,"DJ Moore will need to overcome a shoulder injury if he is to help the Bills in Week 3 against the Chargers. After showing sound chemistry with Josh Allen in his first action for Buffalo, Moore failed to haul in a touchdown late in the second quarter in Week 2, suffering the injury that forced him to miss the second half. The Chargers have allowed three touchdowns to opposing receivers through two weeks and two 75-plus yardage performances, which should thrust Moore back into fantasy relevance if he's able to reprise his No. 1 WR role.",11.56774001,12.58045486,12.55935078,12.2747695,12.17145109,12.35689798,0.0,12.4619121,11.93967572,12.06462057,12.78935065,12.53216083,12.1814065,12.43994114,12.62376419,11.90287462,12.73000841,12.15065785,dj moore,7,12.359156005714285,14,2.0,10.45,7.837402842619705,4.0,0.5,0.142857142857143,0.535,10.0,11.179578002857141,10.06551961611133,2.0,12.0,-24.79339664253827,-2.2936363896029555,109,36,-57
Jordan Love,QB,GB,200,157.48,ACTIVE,"Jordan Love will look to make a statement as the Packers take on the Falcons in Week 3. Love snuck out a win for Green Bay in Week 2, but a 55.2 percent completion rate for 145 yards, even with a 2:0 TD:INT, was uninspiring against the Jets. The sixth-year gunslinger luckily still sits at 532 passing yards on the year with four touchdowns and one interception, and his high volume only looks to continue with Josh Jacobs' return date uncertain. He'll face an Atlanta defense that gave up 287 passing yards and three touchdowns to Bryce Young this past Sunday.",14.8753287,15.9313052,17.27558774,15.45122983,17.19948808,16.45744665,16.33296579,17.04601699,14.61684937,15.04499841,0.0,14.20471611,15.27841441,17.25684992,17.7218907,16.32960769,14.88698799,17.0627038,jordan love,11,16.07878926285714,14,2.0,16.64,15.300597436220844,0.0,0.5,0.0,1.0,15.7,15.88939463142857,15.693128899692661,0.0,14.0,-24.79795807251568,-0.3856603631644777,110,22,90
Cade Otton,TE,TB,377,170.25,ACTIVE,"Cade Otton is expected to remain Tampa Bay's top tight end in the Week 3 matchup against the Vikings. Through two weeks, Otton is tied for the most targets (11) and second-most receptions (eight) on the Buccaneers, which is a good sign for his outlook moving forward. He's currently on pace to finish with career highs in targets (93) and receptions (68), though is role could diminish once Jalen McMillan returns to full speed. Otton is in for a difficult matchup in Week 3, as Minnesota's defense has allowed just 9.9 PPR fantasy points per game to TEs this season.",7.35126549,6.16766178,7.48048865,7.86579911,7.92796454,7.51067041,7.87277241,7.92939735,7.85152205,0.0,8.00563179,7.94696741,7.8762459,7.70348564,7.80122062,7.85419279,7.59399192,7.72436631,cade otton,10,7.801453613571428,14,2.0,7.2,10.140510105007362,5.5,0.0,0.1835016835016835,0.935,,7.801453613571428,8.58113911071674,0.0,14.0,-24.91466302335415,0.7796854971453113,111,19,266
Stefon Diggs,WR,WSH,107,111.75,ACTIVE,"Stefon Diggs has scored three times in two games as a member of the Commanders. Diggs snagged five passes for 47 yards and two touchdowns in Washington's loss to Dallas last week. Unfortunately, starting quarterback Jayden Daniels only played a half due to injury, so veteran backup Marcus Mariota will likely start in Week 3 versus a devastating Seattle defense. The Seahawks are allowing just 8.5 points per game thus far in 2026, which is second in the league. Seattle is also allowing the fewest passing yards per contest at 124.5 per tilt. None of this appears to be a recipe for success for Diggs and the rest of the Washington offense, though the newly acquired wideout does seem to have a knack for finding the end zone thus far in 2026.",9.69552078,10.32716219,10.82780478,11.71758946,11.48028754,11.24911584,0.0,10.75677237,10.6857819,10.9978799,11.12658994,11.21035938,10.95527548,10.62835969,11.18571695,10.38570578,11.13073296,11.26418827,stefon diggs,7,11.024140854999999,14,2.0,18.6,12.73985912468104,7.5,0.0,0.2434077079107505,0.5700000000000001,9.9,10.462070427499999,10.323626660435519,0.0,14.0,-25.312130795755994,-0.7005141945644802,112,37,-5
Pat Freiermuth,TE,PIT,304,167.4,ACTIVE,"Pat Freiermuth and the Steelers play host to the Bengals for an AFC North clash in Week 3. He paced the team's tight ends in snaps (46), receptions (4), yards (32) and targets (5) during Pittsburgh's 20-3 loss to the Patriots. Freiermuth appears to have the upper hand over Darnell Washington (1-7-0) in the passing game, but his fantasy floor and ceiling are relatively low in an underwhelming Steelers offense. He'll have the added benefit of facing a Cincinnati defense that allows 18.5 fantasy points per game to TEs (27th) and just got torched for 12 receptions and 140 yards by Dalton Schultz.",8.43119887,8.49983286,8.30489382,7.93485655,8.5153375,8.19569289,8.1766859,8.01293669,0.0,8.22861291,7.95982239,7.8195112,7.95850021,8.34372002,8.1952615,8.37702799,8.1919574,8.10216664,pat freiermuth,9,8.158201212142858,14,2.0,11.5,9.191868096458172,5.0,0.5,0.135135135135135,0.6950000000000001,,8.158201212142858,8.502756840247963,0.0,14.0,-26.012014809917012,0.3445556281051054,113,20,191
Geno Smith,QB,NYJ,388,169.88,ACTIVE,"Geno Smith will look to be the next quarterback to take advantage of the Lions' secondary when the Jets head to Detroit in Week 3. Smith hasn't topped 250 yards through two games and has just one touchdown pass, but he is in a very favorable spot in Week 3, with Detroit having allowed three touchdown passes in each outing thus far. Smith threw 41 times in Week 2, and so long as the Lions are scoring, Smith will likely have high volume again, putting him in a position to have his best showing of the year.",13.7743888,15.22723261,15.07234341,15.02543217,14.68284816,13.19163638,16.52518693,15.42201918,13.60994516,15.95602712,14.03076386,15.75249255,0.0,13.09241015,15.28332869,13.99269718,13.66106047,15.16229149,geno smith,13,14.664156529285714,14,2.0,12.440000000000001,17.423907795830623,0.0,5.5,0.0,1.0,,14.664156529285714,15.584073618134019,0.0,14.0,-26.32473201433668,0.9199170888483046,114,23,274
Josh Downs,WR,IND,128,142.58,ACTIVE,"Josh Downs is poised to work as the Colts' top wide receiver in Week 3 against the Texans, making him a solid WR3 or flex option in fantasy. Alec Pierce (heel) is expected to sit out, and the Colts lack viable alternatives, with over-the-hill veteran Keenan Allen and recent signing Darius Slayton representing the top options behind Downs in the wide receiver room. Downs caught seven of nine targets for 72 yards to lead the Colts in all three categories during the Week 2 loss to the Chiefs, which Pierce exited in the first half. Downs figures to see plenty of star Texans CB Derek Stingley, but the 25-year-old WR should get plenty of targets from Daniel Jones despite the tricky matchup.",9.10608609,9.43223239,11.46764199,12.16411604,11.30685063,11.82398126,11.23946774,9.71970104,9.80576515,9.8446484,9.22801306,9.64049612,0.0,9.33087152,9.513194,9.65221612,9.2488552,9.78588682,josh downs,13,10.284701304999999,14,2.0,9.95,10.849956024659484,6.5,0.0,0.2189655172413795,0.86,9.6,9.9423506525,10.244885776553161,0.0,14.0,-26.414503170108997,-0.039815528446837334,115,38,13
Carnell Tate,WR,TEN,67,106.33,ACTIVE,"Carnell Tate is off to an uninspiring start, with seven catches for 65 yards on 11 targets through two games with the Titans. A Week 3 road game against the injury-riddled Giants presents a nice opportunity for the rookie fourth overall pick out of Ohio State to break out, as the Giants just allowed 195 receiving yards and two TDs to Rams WR Davante Adams. Tate leads his team in targets through two games, but the Titans have struggled to move the ball through the air. Given Tate's draft pedigree and matchup, he's a high-ceiling fantasy WR3 for Week 3, though it's fair for fantasy managers to be hesitant given the highly touted rookie's lackluster production so far.",12.00290479,11.41579264,11.7775808,11.52748835,11.35352604,12.04083083,11.51931771,11.76454212,0.0,12.04774622,11.91070575,11.88603889,12.28280066,12.0695376,12.20049831,11.64261566,11.27463347,11.18960483,carnell tate,9,11.806990172142857,14,2.0,6.75,9.363446694873463,5.5,0.0,0.254201680672269,0.815,9.5,10.653495086071429,10.223478955672107,0.0,14.0,-26.71419866244376,-1.5835112164707503,116,39,-49
Xavier Worthy,WR,KC,150,140.92,ACTIVE,"Xavier Worthy scored his first touchdown of the season in Kansas City's Week 2 overtime win over the Colts, snagging a one-yard toss from Patrick Mahomes in the second quarter. Worthy has notched steady target volume early in the season, with 13 total looks, but that has resulted in just an 8-43-1 line, and he has yet to get a carry. With Mahomes spreading the ball around and the offense prioritizing Kenneth Walker and the run game, Worthy will need some big plays to make a real fantasy contribution. The third-year speedster will face a Dolphins defense in Week 3 that's given up five passing TDs through two games, but only one to a wide receiver.",9.5245814,11.03813899,11.42092925,10.98177994,0.0,11.17365486,10.37591272,10.36343702,10.83747047,11.19758743,11.46519188,11.51436518,10.60669617,11.06596357,10.86804709,11.0562798,11.01105371,11.14373555,xavier worthy,5,10.995597792142856,14,2.0,9.15,10.648259139541715,6.5,0.0,0.2013953488372095,0.815,9.0,9.997798896071428,10.21461897722819,0.0,14.0,-26.8382383606586,-0.7809788149146666,117,40,33
Brian Thomas Jr.,WR,JAX,117,135.61,ACTIVE,"Brian Thomas has notched exactly three catches for 40 yards in each of his first two games this season, providing a baseline expectation for the 2024 first-round pick's production in Jacksonville's Week 3 home game against the Patriots. Thomas is certainly capable of more, considering he averaged over 75 receiving yards per game as a rookie and scored 10 TDs that year, but has only two TDs in 16 games since then and is unlikely to score against a Patriots defense that has allowed only one touchdown this season. Perhaps breakout teammate Parker Washington will draw attention from top Patriots cornerback Christian Gonzalez to free up some space for Thomas to operate, but Thomas' lackluster production since the start of last season coupled with the tricky matchup make him a low-end flex play at best for Week 3.",10.12540826,9.74209434,10.66996299,10.86933402,10.55701902,10.45300258,0.0,11.24108992,10.66936645,10.83787177,10.86731026,10.9602964,10.94319575,10.45549204,10.38405558,10.99799425,11.30184314,11.10897283,brian thomas,7,10.800559583571427,14,2.0,7.0,9.430678989912721,5.5,0.0,0.21428571428571447,0.445,10.4,10.600279791785713,10.210412857828048,0.0,14.0,-26.897124032260578,-0.590146725743379,118,41,-1
Deebo Samuel Sr.,WR,SF,158,137.39,ACTIVE,"Deebo Samuel is coming off a quiet game heading into San Francisco's Week 3 matchup against the Cardinals. Samuel caught three passes for 31 yards and rushed once for four yards in Sunday's rout of Miami. However, fellow wideouts Demarcus Robinson (ankle) and Mike Evans (hip) both exited that contest due to injury, and though early reports suggest Evans should be fine for Week 3, Samuel could see more looks come his way given his comparatively good health. Arizona has given up the sixth-most fantasy points per game to wideouts so far this year and was just torched by Seattle's Jaxon Smith-Njigba (9-155-3 receiving line) on Sunday.",8.91619953,12.02502407,12.33413462,11.38991996,11.16064626,12.33707447,11.97984338,0.0,11.92309572,12.00198003,11.31566321,11.3301207,11.86531026,11.59455416,11.78768383,11.73237892,11.58586338,12.0937579,deebo samuel,8,11.738447778571427,14,2.0,12.25,9.732521534117708,5.5,1.0,0.198179271708683,0.51,9.1,10.419223889285714,10.190323104229712,0.0,14.0,-27.178380582637285,-1.5481246743417145,119,42,39
KC Concepcion,WR,CLE,165,160.62,ACTIVE,"KC Concepcion and the Browns return home in Week 3 to host the Panthers and their 18th-ranked passing defense. He finished Cleveland's upset win over the Buccaneers in Week 2 with six catches on six targets for 28 yards and had one rush for minus-6 yards. Concepcion led the team in receptions but was last in average yards per touch at just 4.7. His general involvement on offense is a great sign, but it appears fellow rookie Denzel Boston is the Browns receiver to roster thanks to his big-play ability.",9.07998423,9.49035085,10.97236531,10.1451415,10.14108963,10.40044098,10.56607388,9.91369557,10.39925648,10.16226081,0.0,10.71291091,10.73954075,10.95452841,10.57274907,10.16244709,11.03806098,10.50423443,kc concepcion,11,10.491468669285714,14,2.0,8.0,10.998026973885368,5.5,2.0,0.2136363636363635,0.675,8.6,9.545734334642857,10.029831881057028,0.0,14.0,-29.425257707054865,-0.46163678822868626,120,43,45
Rico Dowdle,RB,PIT,106,130.54,QUESTIONABLE,"Rico Dowdle and the Steelers host the Bengals and their 14th-ranked run defense in Week 3. He finished Pittsburgh's loss last week with seven carries for 22 yards and caught both targets for 22 yards. Dowdle left the game in the second quarter with a toe injury, was cleared and returned to play in the second half but then left for good after appearing to re-injure the same toe. Keep an eye on his status in practice this week, as there's a good chance he'll be limited, thus leaving his status for Sunday's contest against the Bengals in question.",12.49870464,10.11721188,0.0,10.26520677,10.91072888,9.80994604,10.27290114,10.7520827,0.0,9.91710014,9.27681878,9.69867587,9.83787247,9.9632486,9.75069859,11.16098027,10.32320246,9.29266886,rico dowdle,9,10.149189439230769,13,2.0,5.25,9.888656215513643,3.5,7.5,0.09459459459459454,0.42,8.5,9.324594719615384,9.512615218248136,2.0,12.0,-30.39978496229321,-0.6365742209826326,121,35,-15
Mike Gesicki,TE,CIN,419,169.17,ACTIVE,"Mike Gesicki and the Bengals are in Pittsburgh for an AFC North showdown in Week 3. After leading Cincinnati in receptions, yards, and targets in the season opener, Gesicki failed to record a single target versus the Texans in Week 2. Some of that could be chalked up to game flow with the Bengals ahead for most of the game, but it's nonetheless worrisome. The Steelers rank second in fantasy points allowed per game (5.5) and are first in receptions allowed to TEs through two weeks.",5.70282833,6.53535501,6.6010081,7.07157853,7.10899611,0.0,6.80693195,6.97947651,7.01888185,6.69856888,7.12918285,6.93523738,6.71758875,6.95638516,6.99284685,7.09653152,6.9085192,6.78489474,mike gesicki,6,6.930123831428572,14,1.0,18.8,13.219575174671476,7.0,0.0,0.205882352941176,0.33999999999999997,,6.930123831428572,8.188014100077153,0.0,14.0,-30.418413172308362,1.2578902686485804,122,21,297
Khalil Shakir,WR,BUF,132,141.42,ACTIVE,"Khalil Shakir remains a steady, stable cog in Buffalo's passing game entering a Week 3 matchup with the Chargers. Shakir logged six targets in each of the Bills' first two games but hasn't topped 50 yards or scored. Shakir didn't take on an elevated role in Week 2 following DJ Moore's (shoulder) early exit, but he faces a secondary that allowed 75 yards to Kendrick Bourne and 119 yards to Tre Tucker, and both operate in a similar slot role to Shakir.",9.47277047,10.33158947,10.34536302,10.10675326,10.06267344,10.16754152,0.0,10.28912115,9.85040209,9.92322372,10.48873239,10.33071429,10.05344726,10.25753072,10.36569598,9.83601486,10.46455536,9.97007235,khalil shakir,7,10.181554932857141,14,2.0,7.9,10.099231104762111,6.0,0.0,0.214285714285714,0.51,9.3,9.740777466428572,9.860262012539751,0.0,14.0,-31.79923586629674,-0.32129292031739,123,44,9
Colston Loveland,TE,CHI,43,50.31,ACTIVE,"Colston Loveland will look to turn things around as the Bears play the Eagles in Week 3. Loveland disappointed again in Week 2, catching just one of three targets for three yards against the Vikings. The second-year tight end now has just one catch on the year, which is nowhere near the breakout season managers were projecting. He'll likely be thrown to by Tyson Bagent against Philly defense that's allowed the fewest PPR fantasy points per game to tight ends this season (5.1).",12.03150287,11.43044397,9.69326651,9.56963684,9.82704446,9.92928139,9.66097642,9.29513702,9.91954993,0.0,9.8518363,10.09069048,10.09014448,10.13511903,10.2689656,9.90573283,10.19464199,9.35987602,colston loveland,10,9.888001662857144,14,2.0,0.65,4.660602639181819,2.5,0.0,0.08846153846153845,0.865,10.6,10.244000831428572,8.047553376652466,0.0,14.0,-32.38486330025397,-1.840448286204678,124,22,-81
Devaughn Vele,WR,NO,229,164.34,ACTIVE,"Devaughn Vele is expected to remain the Saints' No. 2 wideout in the Week 3 matchup against the Raiders, whose defense has given up just 15 receptions to WRs through two contests. Vele has clearly positioned himself as one of New Orleans' top receiving options early in the season, catching 12 of 16 targets for 133 yards and one touchdown thus far. He's expected to continue benefitting from the Saints' high volume of pass attempts, as Tyler Shough has already thrown the ball 90 times in two games, the second-most in the NFL. Despite this, Vele is in for a difficult Week 3 matchup against a Las Vegas defense that has yet to allow a receiving touchdown this season.",9.30852268,9.46459802,11.51345006,11.74078169,11.01815255,11.49421514,10.9657823,0.0,6.02300567,6.30864964,6.21573887,6.16737581,6.21466954,6.2296752,6.13423949,6.3682443,6.22400799,6.21304255,devaughn vele,8,8.044142017857142,14,2.0,15.649999999999999,13.341178944491174,8.0,0.0,0.1959134615384615,0.935,,8.044142017857142,9.80982099340182,0.0,14.0,-32.50541013422778,1.7656789755446773,125,45,104
Rashid Shaheed,WR,SEA,206,163.53,ACTIVE,"Rashid Shaheed enters Seattle's Week 3 game against Washington on the heels of a quiet but versatile start to the season. Shaheed logged a modest three catches for 35 yards against Arizona in a Week 2 win, though he promisingly ranked second on the Seahawks with six targets, added a four-yard rush and combined for 76 yards on three punt returns and two kickoff returns. Jaxon Smith-Njigba appears set to dominate Seattle's targets for a second straight campaign, so both Shaheed and Cooper Kupp may have to settle for complementary roles on offense. Nonetheless, Seattle's WR corps as a whole could thrive in Week 3 against a Washington defense that has yielded a 73.0 percent catch rate to the position, tied for fifth-highest in the league.",8.96712297,8.61181767,10.94468826,10.69417559,10.62458502,10.01645924,10.65043894,10.84723226,10.94263996,10.52781734,0.0,10.48019385,10.90933504,10.75886717,10.26158333,10.3811012,10.75603744,10.23661454,rashid shaheed,11,10.62822533142857,14,2.0,4.15,8.07268016721611,4.5,0.5,0.1778846153846155,0.6100000000000001,,10.62822533142857,9.77637694335775,0.0,14.0,-32.97362683484475,-0.8518483880708203,126,46,80
Denzel Boston,WR,CLE,207,161.48,ACTIVE,"Denzel Boston and the Browns host the Panthers in a Week 3 clash between 1-1 teams. The rookie followed up his 2-59-1 receiving line in the opener with an even better outing against the Buccaneers, tallying five catches on seven targets for 95 yards and another TD. Boston led the team in yardage and targets, as he's quickly becoming Deshaun Watson's preferred target, particularly downfield. He faces a vulnerable Carolina defense that ranks 18th in fantasy points allowed (30.3) to WRs.",8.28341196,9.42372706,11.30710859,10.52592881,10.55335138,10.91770301,10.97557326,10.35708589,10.86114164,10.59282968,0.0,11.06071212,11.1752262,11.29466526,10.99003675,10.73664301,11.4385921,11.00027042,denzel boston,11,10.913328407142856,14,2.0,17.2,9.78925123012209,5.5,0.0,0.2075757575757575,0.925,8.6,9.756664203571429,9.767526545754983,0.0,14.0,-33.0975324012835,-1.1458018613878735,127,47,80
Marcus Mariota,QB,WSH,484,169.94,ACTIVE,"Marcus Mariota will likely start for the Commanders in Week 3, as starter Jayden Daniels dislocated the same elbow that he previously injured last season. Mariota relieved Daniels in the second half in Week 2 versus the Cowboys, throwing for 111 yards and a touchdown. He will have his work cut out for him versus a devastating Seattle defense that is allowing just 8.5 points and 214 scrimmage yards per game thus far in 2026, which is second in the league in both categories. Seattle is also allowing the fewest passing yards per contest at 124.5 per tilt.",0.0,0.0,15.324645,18.03820002,17.96613353,16.03154742,0.0,0.0,0.0,0.0,0.0,0.0,0.0,0.0,0.0,0.0,0.0,0.0,marcus mariota,7,16.8401314925,4,1.0,8.74,7.874936729091634,0.0,1.0,0.0,0.45,,16.8401314925,15.047092539818326,0.0,14.0,-33.842467110756374,-1.7930389526816732,128,24,356
Tony Pollard,RB,TEN,75,115.2,QUESTIONABLE,"Tony Pollard could be worth plugging into Week 3 fantasy lineups as a high-end RB3/flex option for the Titans' road matchup with a Giants defense that has struggled to contain RBs in the early going. Javonte Williams scored two TDs against the Giants in Week 1, then Kyren Williams and Blake Corum each exceeded 90 scrimmage yards against the Giants in Week 2, with Williams tacking on a TD. Pollard has reprised his role as the 1A option in Tennessee's backfield over Tjyae Spears. The former Cowboys RB has averaged 77 scrimmage yards per game since joining the Titans prior to the 2024 campaign, but Pollard has been limited to 99 yards through two games to begin this season. Negative game scripts are often a problem for the Titans, but Tennessee is likely to stay within striking distance and keep Pollard involved on the ground against a Giants team that's missing starting QB Jaxson Dart (knee).",11.53422995,11.12661738,10.53541449,9.26482526,9.87720055,10.4977628,10.88608,9.92803944,0.0,10.49512091,10.03756036,9.98751782,11.2770452,10.48585315,11.01926233,10.33674287,10.11518092,9.37291755,tony pollard,9,10.338829007142857,14,2.0,5.95,9.668480303234352,1.5,10.5,0.06512605042016804,0.535,8.5,9.419414503571428,9.502436436792403,0.3,13.7,-34.8458704712283,-0.8363925703504549,129,36,-54
Jake Ferguson,TE,DAL,138,133.15,ACTIVE,"Jake Ferguson scored twice last game for the Cowboys. Ferguson caught four passes for 43 yards and the two scores in the 37-20 win over Washington. In Week 3, Dallas hosts the Baltimore Ravens. Baltimore is allowing just 191 passing yards per contest, which is 12th in the NFL. In addition, the Ravens have given up just two passing touchdowns through two tilts.",9.80761278,9.6247704,8.71411703,8.46022453,8.79652884,8.7214369,8.55377551,8.93048204,8.97157989,8.77679377,8.75440276,8.61881301,8.33246795,0.0,8.48298768,8.95459084,8.82120954,8.97714098,jake ferguson,14,8.706386449285715,14,2.0,11.450000000000001,5.429091750081856,3.0,0.0,0.09784946236559133,0.6799999999999999,9.2,8.953193224642856,7.778492733122523,0.0,14.0,-36.15171230967319,-0.9278937161631919,130,23,8
Tre Tucker,WR,LV,219,166.2,ACTIVE,"Tre Tucker produced his first ceiling game of 2026 in the Raiders' Week 2 win over the Chargers. churning out a 5-119-1 line on seven targets. The volatile wideout is showing some early chemistry with new quarterback Kirk Cousins, and no one else has yet shown any indication that they'll be able to challenge him for the top spot on the depth chart, even if Tucker's skill set would be better suited for a WR2 or even WR3 role. Tucker will try to build on last week's effort in Week 3 against a Saints secondary that ranks in the middle of the pack in terms of volume allowed to wide receivers so far, but which has given up three TDs to the position in two games.",10.0160646,9.85629084,9.8061219,9.95861528,9.57659463,10.49740102,9.00598395,8.90516891,9.08545023,8.79138943,8.60979129,8.95312847,0.0,9.36551572,8.77240062,9.39710459,9.49090814,9.1395116,tre tucker,13,9.301112441428572,14,2.0,13.799999999999999,9.931186075204963,5.5,0.0,0.1896551724137935,0.6499999999999999,,9.301112441428572,9.511136986020702,0.0,14.0,-36.68698623756343,0.21002454459213027,131,48,88
Quentin Johnston,WR,LAC,143,151.04,ACTIVE,"Quentin Johnston has struggled through the Chargers' first two games, catching just three of 11 targets for 24 yards. The fourth-year wideout had emerged as a deep option over the prior two seasons, but new offensive coordinator Mike McDaniel's scheme is built on quick passes and yards after the catch, giving little time for Johnston's typical downfield routes to develop. Tre' Harris and rookie speedster Brenan Thompson both seem better suited to that style of passing game, and Johnston runs a real risk of becoming an afterthought as the season progresses. He does at least get a potentially favorable matchup in Week 3 against a Bills secondary that's given up the fourth-most receiving yards to WRs so far this year.",10.35256989,9.93891032,10.89200543,9.77495639,9.95485167,10.35841548,0.0,10.02862606,10.120531,10.24495968,10.2409587,10.27926877,10.41403917,10.3882865,10.46976069,10.82336126,10.52069029,9.79033633,quentin johnston,7,10.322193649285714,14,2.0,3.05,9.745945872111173,5.5,0.5,0.207264957264957,0.795,8.4,9.361096824642857,9.489379840465629,0.0,14.0,-36.99158627533445,-0.8328138088200845,132,49,11
Michael Pittman Jr.,WR,PIT,74,115.36,QUESTIONABLE,"Michael Pittman and the Steelers host the Bengals in Week 3. After dealing with a foot injury during training camp and the preseason, he suffered a new foot ailment that forced him to miss Pittsburgh's 20-3 loss in New England. Pittman will have to practice in some capacity in order to return for Sunday's contest, but it sounds like his status for Week 3 is very much in question. Consider him doubtful to suit up until we hear otherwise.",12.3109941,0.0,11.36068021,10.7660488,11.67927491,11.14630492,11.13874078,10.91597667,0.0,11.21074823,10.75771769,10.57037325,10.7815966,11.3615664,11.14150205,11.49599917,11.16761707,10.97569401,michael pittman,9,11.106724767857145,14,1.0,8.8,5.116785265098728,3.0,0.0,0.0810810810810811,0.88,9.4,10.253362383928572,9.226046960162602,1.0,13.0,-37.77265755674991,-1.8806778076945427,133,50,-59
Alec Pierce,WR,IND,108,131.91,OUT,"Alec Pierce aggravated a left heel injury in Week 2, stemming from his offseason left ankle surgery. The Colts' leading receiver from last season probably faces a multi-week absence and won't play against the Texans in Week 3. Josh Downs and Keenan Allen are set to lead Indianapolis' underwhelming WR room versus Houston.",9.69622262,11.02902355,0.0,0.0,0.0,0.0,0.0,11.38800736,11.52190599,11.57822583,10.82186767,11.33891038,0.0,10.93471697,11.20106028,11.36842654,10.90115853,11.48336627,alec pierce,13,11.228253283333336,9,2.0,6.1,6.24102293521419,3.5,0.0,0.12011494252873565,0.425,9.4,10.314126641666668,8.95642540618251,2.0,12.0,-38.10252716168411,-2.2718278771508267,134,51,-26
Malik Willis,QB,MIA,215,168.31,ACTIVE,"Malik Willis figures to labor again in Week 3 when the Dolphins host the Chiefs. He has yet to top 220 yards or complete more than 15 passes through two games, and his rushing attempts haven't been as plentiful as anticipated. Any potential late production while playing from behind has also failed to manifest, and that game script figures to repeat in Week 3 against Kansas City, a defense that's allowed only 341 passing yards, two touchdown passes, and 12 rushing yards this season.",15.08554785,14.05290845,14.74319388,13.09731349,15.31867174,0.0,13.89209842,14.32306675,16.26665377,15.33213777,15.53920325,14.71197908,12.54864894,16.20662637,14.50003774,15.11796879,16.36036496,13.49055319,malik willis,6,14.854140353571427,14,2.0,14.59,14.307966827217191,0.0,4.0,0.0,1.0,15.0,14.927070176785714,14.720702393596206,0.0,14.0,-38.41192915786606,-0.1334379599752218,135,25,80
Aaron Rodgers,QB,PIT,390,169.07,ACTIVE,"Aaron Rodgers and the Steelers host the division-rival Bengals in Week 3. He threw for 187 yards (23-for-39) with no touchdowns and one INT and lost one of his two fumbles during Pittsburgh's Week 2 loss to the Patriots. Cincinnati has been somewhat stingy against opposing QBs, allowing 20.2 fantasy points through two outings (15th) despite giving up 353 passing yards versus Houston in Week 2. The Bengals are the only defense without an interception to this point, but they're also the only team that has yet to surrender a passing TD.",14.77417561,12.69751834,14.12725956,12.9785829,14.91942184,13.07787376,13.41654177,13.80663233,0.0,13.31645204,11.96546139,12.14722552,12.58701716,13.32550179,12.97181811,14.96971347,13.73331781,12.13146992,aaron rodgers,9,13.381629960714282,14,2.0,8.26,17.37254352202693,0.0,2.0,0.0,0.98,,13.381629960714282,14.71193448115183,0.0,14.0,-38.534679932087315,1.330304520437549,136,26,254
Jayden Reed,WR,GB,145,152.24,OUT,"Jayden Reed's status is up in the air as the Packers play the Falcons in Week 3. Reed was carted off the field after injuring his back on the first drive of Week 2, which in itself makes it unlikely that he'll be rushed back for a TNF matchup. The fourth-year playmaker's absence would give Matthew Golden even more looks, with Skyy Moore and Bo Melton slotting in as supplementary options for Jordan Love. If Reed somehow does play, he'll face an Atlanta defense that's allowed a middle-of-the-pack 30.3 PPR points per game to WRs.",10.03860918,9.95950042,0.0,0.0,0.0,0.0,10.18458061,10.17050798,9.60285296,9.53196373,0.0,9.52068374,9.81716392,10.4707742,10.34065813,10.01309637,9.606673,10.31862353,jayden reed,11,9.925895464,10,2.0,3.2,6.506181279828043,4.0,0.0,0.10474137931034484,0.3,10.0,9.962947732,8.810692247942681,2.0,12.0,-39.85132506056205,-1.1152032160573189,137,52,8
Deshaun Watson,QB,CLE,391,169.49,ACTIVE,"Deshaun Watson and the Browns host the Panthers for their home opener in Week 3. He completed 24 of 30 pass attempts for 238 yards with two TDs and no INTs, while rushing seven times for 22 yards during Cleveland's surprising Week 2 win over the Buccaneers. Watson led the comeback victory with scoring strikes of 55 and 17 yards, and chemistry appears to be brewing between him and the Browns' young playmakers. He'll face a Carolina defense that held the Falcons to 129 yards passing and forced three INTs and two fumbles in Week 2.",12.60264984,12.32304603,15.40308299,13.23182585,13.08743326,13.31671446,14.06606008,12.40911572,13.4211936,12.97160034,0.0,14.9680239,14.48411582,15.41727967,13.98744779,12.48277602,15.30184736,13.66229467,deshaun watson,11,13.896322632857146,14,2.0,16.86,15.980944068187796,0.0,6.5,0.0,1.0,,13.896322632857146,14.59119644463403,0.0,14.0,-40.22501244333653,0.6948738117768833,138,27,253
Woody Marks,RB,HOU,157,159.54,ACTIVE,"Woody Marks capitalized on a negative game flow in Week 2, out-touching David Montgomery 13-8. The 0-2 Texans will face a Colts team that's also 0-2 in Week 3, and Montgomery is likely to reclaim the lead role unless Houston falls into a multi-score hole again. Marks is averaging just 2.9 yards per carry and 4.2 yards per catch in 2026 after averaging a modest 3.6 yards per carry during his 2025 rookie season. He has RB3/flex upside in Week 3 against a Colts defense that's giving up 177 rushing yards per game, but Marks' uncertain role and poor efficiency this season cap his value despite the intriguing matchup.",8.26511432,7.73655265,8.59991086,8.62170729,8.44726836,8.43399639,8.87530113,0.0,8.14712476,8.42442702,8.8769957,8.12256511,8.02413327,8.70256123,8.56933669,7.84885585,8.13695134,8.71897679,woody marks,8,8.416509642857141,14,2.0,6.75,10.67954854922694,3.5,8.5,0.0735135135135135,0.495,,8.416509642857141,9.170855944980408,0.0,14.0,-40.25104561509028,0.7543463021232668,139,37,18
Fernando Mendoza,QB,LV,389,168.58,ACTIVE,,0.57906949,0.0,0.0,0.0,0.0,0.0,14.30646886,14.32812488,14.22460978,13.49587606,12.94075054,14.63939508,0.0,15.62572971,13.79963851,16.17630442,16.11718569,14.35337483,fernando mendoza,13,14.565408352999999,10,,,,,,,,,14.565408352999999,14.565408352999999,0.0,14.0,-40.58604572621296,0.0,140,28,249
Kyle Monangai,RB,CHI,121,133.3,QUESTIONABLE,"Kyle Monangai should remain a high-volume RB2 as the Bears take on the Eagles in Week 3. Monangai saw double-digit carries once again in Week 2, but he totaled just 47 yards on the ground and tacked on 11 yards off two catches. The second-year running back has now seen 12 touches in each of Chicago's two outings this year, and he could see even more with Tyson Bagent slated to start under center. Philly has also ceded 216 rushing yards to RBs this season, a bottom-10 mark in the league.",10.25131569,9.81445676,8.46108771,8.77899414,8.37218686,8.84941911,8.54636785,7.75298156,8.68853795,0.0,8.87035956,8.82449429,8.82406118,9.23224836,8.61794091,8.6997233,9.17216537,8.00929893,kyle monangai,10,8.692183439285715,14,2.0,14.1,9.80792478587987,2.0,10.0,0.07179487179487179,0.385,9.3,8.996091719642859,9.081368686887426,0.3,13.7,-40.61449864492647,0.389185247601711,141,38,-20
Courtland Sutton,WR,DEN,80,113.96,ACTIVE,"Courtland Sutton has had a slow start to the season as the focus of the Broncos' passing game has shifted to Jaylen Waddle. Through two games, Sutton has posted only nine targets, catching five for a meager 36 yards. He still has plenty of existing chemistry with quarterback Bo Nix, and the duo could rekindle it once defenses begin shifting more attention to Waddle, but Sutton figures to be hard-pressed to reach 1,000 receiving yards in 2026 for a third straight season. He'll take on a Rams secondary in Week 3 that's allowed just 19 receptions to WRs through two weeks, tied for seventh in the NFL, though three of them have gone for touchdowns.",11.70240995,11.99194651,10.92239674,11.02047067,11.15741939,10.66411995,11.42226421,11.23832902,11.3107766,0.0,11.22487302,10.60179613,11.65731997,10.75994819,11.08297892,11.82852841,10.82193431,11.30148986,courtland sutton,10,11.122368252142854,14,2.0,4.3,7.473543594851908,4.5,0.0,0.161558109833972,0.745,9.0,10.061184126071428,9.198637282331587,0.0,14.0,-41.061982089211035,-1.9237309698112668,142,53,-62
Jacoby Brissett,QB,ARI,322,169.63,ACTIVE,"Jacoby Brissett will look to bounce back from a poor performance when Arizona faces the 49ers in Week 3. Brissett recorded just 95 passing yards with one touchdown and one interception Sunday in a loss to Seattle, with that yardage being less than half of his previous low mark across any of his 16 starts for the Cardinals. Still, McBride was able to maintain his rapport with star tight end Trey McBride, as the pair connected for 41 yards and a touchdown through the air. Brissett's path to a rebound isn't an easy one, as San Francisco has given up just 11.8 fantasy points per game to QBs -- the second-fewest in the league -- through two weeks.",13.1532015,13.02720839,13.65070243,14.60672585,16.04031581,12.87744067,13.2330547,14.34754204,12.10885526,13.69453335,13.77234899,16.351534,13.85829312,0.0,14.51551418,14.05296555,15.58678314,14.47405412,jacoby brissett,14,14.192614935,14,2.0,11.49,15.134636173645383,0.0,3.5,0.0,1.0,,14.192614935,14.50662201454846,0.0,14.0,-41.40905446453449,0.3140070795484604,143,29,179
J.K. Dobbins,RB,DEN,120,136.85,QUESTIONABLE,"J.K. Dobbins' workload has been limited to begin the season, with just 18 carries for 72 yards through the Broncos' first two games. The veteran back also has yet to see a target, as RJ Harvey and rookie Jonah Coleman have been prioritized as pass-catchers. Dobbins picked up a minor hamstring injury in Week 2's win over the Jaguars, but the issue isn't expected to keep him out of the lineup in Week 3. The same can't be said for Harvey, however, who didn't play at all in Week 2 due to his own hamstring strain. Dobbins could split touches with Coleman again in Week 3 against a Rams defense that just saw the return of Aaron Donald in Week 2 and has yet to allow a rushing TD this year.",9.53053842,12.62726394,10.64395055,10.36764621,10.81429795,10.45673676,11.9398438,11.16718371,11.86985399,0.0,12.04775902,10.57532075,12.91620801,11.06924066,11.43872162,11.7454064,10.60241439,11.40330216,jk dobbins,10,11.261041701428573,14,2.0,3.6,6.220198896812654,0.0,9.0,0.0,0.385,8.3,9.780520850714286,8.593746866080409,2.0,12.0,-41.42620518830594,-2.667294835348164,144,39,-24
Dontayvion Wicks,WR,PHI,228,165.19,ACTIVE,"Dontayvion Wicks continues to cement himself as the No. 2 wideout in the Eagles offense. Wicks caught five passes for 74 yards in the 24-20 win over the Titans. Wicks was second on the team in targets for the game. In Week 3, Philadelphia will face a Bears defense allowing 240 passing yards per tilt thus far this season, which is 25th in the NFL. The Eagles could also rely even more on the passing game if Saquon Barkley is sidelined due to injury, and with Dallas Goedert also banged up, Wicks could be one of the chief beneficiaries.",7.2989379,8.62092489,9.89963152,9.65671679,9.34520412,9.35158268,9.41671231,9.42680972,9.25946445,0.0,8.82400801,9.32464667,9.33511229,9.48442899,8.78388038,8.88644876,9.10207092,9.17806463,dontayvion wicks,10,9.29262268642857,14,2.0,13.850000000000001,8.821888915098224,5.0,0.0,0.179144385026738,0.765,,9.29262268642857,9.135711429318455,0.0,14.0,-41.94294403139489,-0.15691125711011544,145,54,83
Kirk Cousins,QB,LV,432,168.97,ACTIVE,"Kirk Cousins has had an impressive start to the season, throwing three touchdowns in back-to-back games for a Raiders team that's a surprising 2-0. The veteran quarterback hasn't played completely mistake-free football under Klint Kubiak, throwing three interceptions, but he's only been sacked twice and has completed 67.8 percent of his passes. As long as Cousins remains productive and the team is winning, there will be little incentive for Las Vegas to hand the reins to rookie Fernando Mendoza, but that switch still figures to be coming at some point in 2026. Cousins will face a Saints defense in Week 3 that has done a good job holding Jared Goff and Lamar Jackson in check through its first two contests.",14.7158605,12.21169438,12.99546186,13.51932433,12.30364195,15.05514351,0.0,0.0,0.0,0.0,0.0,0.0,0.0,0.0,0.0,0.0,0.0,0.0,kirk cousins,13,13.4683929125,4,2.0,17.009999999999998,16.317408897983142,0.0,4.5,0.0,1.0,,13.4683929125,14.418064907661048,0.0,14.0,-42.64885396095827,0.9496719951610473,146,30,286
Gunnar Helm,TE,TEN,317,169.72,ACTIVE,"Gunnar Helm is tied for second on the Titans with seven targets through two games, but he has just 41 receiving yards. The 2025 fourth-round pick is locked in as the team's starting TE heading into a Week 3 road game against the Giants, who just allowed six catches for 54 yards and a TD to Rams TE Terrance Ferguson. Helm is unlikely to match that production considering he has yet to exceed 51 receiving yards in a game while scoring just twice through 18 NFL appearances. Unless second-year Titans QB Cam Ward starts to pick up his passing production, Helm can continue to be ignored in the vast majority of fantasy formats.",7.51431821,7.62170813,7.88283766,7.73823529,7.61746713,8.05743818,7.67102574,7.85387062,0.0,8.05931555,7.9632505,7.97636008,8.16964025,8.04166628,8.13722803,7.7615957,7.57238688,7.52707409,gunnar helm,9,7.893022706428572,14,2.0,5.05,6.081011338973619,3.5,0.0,0.148109243697479,0.815,,7.893022706428572,7.289018917276921,0.0,14.0,-43.00434573151161,-0.6040037891516512,147,24,170
Michael Penix Jr.,QB,ATL,446,169.77,ACTIVE,"Michael Penix is slated to make his 2026 debut during the Falcons' Week 3 matchup against the Packers. Atlanta has struggled offensively with Cooper Rush and Jack Strand as the team's quarterbacks over the last two weeks, scoring just 16 total points while Rush and Strand accounted for seven turnovers. However, Penix led the Falcons' offense to 20.6 points per game while throwing for 220.2 yards per game when healthy in 2025, suggesting improvement could be coming. Penix will be in for a tough matchup though, as Green Bay's defense has given up just 19.2 fantasy points per game to opposing QBs this season.",0.0,0.0,14.13631041,13.80383565,13.76954292,15.62917733,14.23667836,13.85041298,14.47649221,14.32116273,0.0,12.78914545,15.67011303,13.73494281,15.25586921,14.60239096,14.56117056,14.88298951,michael penix,11,14.345517472142857,14,,,,,,,,,14.345517472142857,14.345517472142857,0.0,14.0,-43.664518058212934,0.0,148,31,298
Michael Mayer,TE,LV,421,169.82,ACTIVE,"Michael Mayer hasn't made much of an impact as the Raiders' top tight end through the first two weeks of the season, catching nine of 11 targets for 55 yards without scoring a touchdown. That role has come while Brock Bowers was recovering from minor knee surgery at the end of training camp, but with Bowers expected to return in Week 3, Mayer will see even his modest volume collapse. If Bowers' 2026 debut does get delayed further, Mayer will still be facing a Saints defense that has yet to allow a TD to a tight end so far.",9.31819451,9.97614739,6.25119308,6.34053632,6.12447108,6.66897432,5.75647305,5.67871145,5.85682554,5.63686246,5.55739597,5.72019678,0.0,5.99161955,5.63029754,5.97495303,6.05236122,5.87668026,michael mayer,13,5.945776527857142,14,2.0,7.25,9.811995997529497,5.5,0.0,0.1896551724137935,0.825,,5.945776527857142,7.234516351081261,0.0,14.0,-43.76738165825084,1.2887398232241187,149,25,272
Keenan Allen,WR,IND,198,168.0,ACTIVE,"Keenan Allen should get plenty of playing time in Week 3 against the Texans with the Colts' banged-up WR room, but the 34-year-old wideout may not have enough gas in the tank to make much of the opportunity. Allen has exceeded 44 yards just once and failed to score a TD in his last 12 games. Despite that lack of recent production, he's a viable deep-league dart throw, as Indianapolis will be without Alec Pierce (heel) and possibly Ashton Dulin (ankle), leaving Allen as the top option for snaps at WR alongside Josh Downs.",7.17729318,8.70232787,9.53213521,10.13336974,9.39440526,9.83923813,9.33904416,8.83449947,8.89986041,8.9381812,8.36591274,8.74819226,0.0,8.46536004,8.63233836,8.75886576,8.37379027,8.8940606,keenan allen,13,9.018228072142858,14,2.0,5.35,8.885350374594307,5.5,0.0,0.1867816091954025,0.5900000000000001,,9.018228072142858,8.97393550629334,0.0,14.0,-44.207806953746484,-0.04429256584951702,150,55,48
Jacory Croskey-Merritt,RB,WSH,144,146.12,ACTIVE,"Jacory Croskey-Merritt took 12 carries for 43 yards in Washington's loss to Dallas last game. Meanwhile, fellow running back Rachaad White took seven carries for 43 yards, while also catching six passes for 40 yards as a receiver with Washington playing from behind. Croskey-Merritt looks like the preferred back between the tackles, with White acting as the pass-catching or third-down option. The timeshare will likely continue against a devastating Seattle defense in Week 3. The Seahawks are allowing just 8.5 points per game thus far in 2026, which is second in the league. In addition, Seattle has yet to allow a rushing touchdown to the opposition, and the Commanders will be without their starting quarterback, Jayden Daniels due to injury.",8.28274093,10.17518946,8.77798565,10.08164604,10.39348319,8.72226578,0.0,8.81757944,8.74940583,9.56352647,9.56886003,9.9122519,9.50239687,8.93840471,10.28070731,8.43867789,8.97169104,9.55731917,jacory croskey merritt,7,9.337063010714285,14,2.0,9.2,10.972467675137171,1.0,14.0,0.031947261663286056,0.43,7.4,8.368531505357144,8.867049819472467,0.0,14.0,-44.504331372201456,-0.4700131912418186,151,40,-7
Charlie Kolar,TE,LAC,1032,169.96,OUT,,2.25361961,1.72452776,0.0,0.0,2.92614153,3.04835161,0.0,2.94905622,2.98019325,3.02868019,2.97715266,3.0097196,3.0638866,3.03628917,3.0734621,3.16429159,3.08132368,2.89205618,charlie kolar,7,3.02821235,12,2.0,2.55,2.614957412254729,1.5,0.0,0.0576923076923075,0.585,,3.02821235,2.89046070408491,8.0,6.0,-44.82178316408561,-0.13775164591509004,152,26,880
Rome Odunze,WR,CHI,55,90.7,ACTIVE,"Rome Odunze will look to remain a top look in Chicago's passing offense in Week 3 against the Eagles. Odunze caught three of four targets for 43 yards against the Vikings in Week 2, and he now sits at a 5-95-0 receiving line across two games. The third-year pass catcher's unimpressive output could continue, given that Tyson Bagent is slotted to start under center in place of Caleb Williams (hamstring). Odunze will face a Philadelphia defense that's allowed a middle-of-the-pack 29.4 PPR points per game to WRs this season.",12.398519,11.69426067,9.94460502,10.19242777,10.39571098,10.55777154,10.22712491,9.75728667,10.51380111,0.0,10.45705925,10.68893011,10.67012148,10.76431586,10.85723288,10.52929889,10.84640489,9.85171075,rome odunze,10,10.457292240000001,14,2.0,7.25,6.420309055318874,3.5,0.0,0.124358974358974,0.6599999999999999,11.0,10.72864612,8.92083241450204,0.0,14.0,-44.951250238824684,-1.5364598254979605,153,56,-98
Xavier Hutchinson,WR,HOU,332,169.99,ACTIVE,"Xavier Hutchinson drew nine targets in Nico Collins' (hamstring) absence in Week 2 but turned that into just three catches for 37 yards. Hutchinson figures to maintain a prominent role in Houston's passing game against the league-worst Colts defense in Week 3, especially if Collins remains sidelined. Whether Hutchinson can turn that significant usage into production is another matter, as he has usually failed to capitalize on such opportunities in the past, with only two career regular-season games of 42 or more receiving yards. Hutchinson is in the Week 3 deep-league flex conversation, but his lack of prior production is concerning.",5.73017618,9.38534735,7.09360501,7.10037089,6.8971088,7.04385708,7.02490668,0.0,6.87257706,6.64672426,7.21134925,6.85026091,6.48470736,7.16403422,7.10242316,6.5914458,6.8591236,7.00799491,xavier hutchinson,8,6.924463862857144,14,2.0,6.45,12.844442694742106,7.5,0.0,0.171081081081081,0.685,,6.924463862857144,8.897790140152132,0.0,14.0,-45.27384207972341,1.973326277294988,154,57,178
Daniel Jones,QB,IND,180,165.65,ACTIVE,"Daniel Jones is averaging 188 passing yards per game heading into the Colts' Week 3 home game against the Texans. Houston gave up two touchdown passes apiece to star QBs Josh Allen and Joe Burrow, but Jones will be hard-pressed to post his first multi-TD performance of the season considering the Texans boast one of the league's best defenses, having allowed the fewest yards in the NFL last season. The Colts will continue to rely primarily on the legs of star RB Jonathan Taylor, and Indianapolis has an underwhelming group of pass catchers that's expected to be without last season's leading receiver Alec Pierce (heel) for several weeks. Jones has been a non-factor as a rusher since returning from a torn Achilles, with just 14 rushing yards this season. His mediocre passing stats make him an unappealing Week 3 fantasy option, even in multi-QB formats.",15.16607053,13.90829024,13.99280155,15.98999083,13.55306541,15.56801371,13.45846871,14.65150297,15.35053071,16.59504912,13.31654801,15.51692811,0.0,13.52897493,14.9112785,15.26714104,14.32712513,15.31861584,daniel jones,13,14.716244195000003,14,2.0,10.219999999999999,12.933091098181755,0.0,2.0,0.0,1.0,,14.716244195000003,14.121859829393921,0.0,14.0,-46.795725056698046,-0.5943843656060821,155,32,25
Tyler Allgeier,RB,ARI,185,167.4,ACTIVE,"Tyler Allgeier will seek to improve his efficiency on the ground during Arizona's Week 3 visit to San Francisco. Allgeier gained just 10 yards on five carries Sunday in a loss against Seattle, and he's averaging a meager 3.2 YPC through two contests. He paced the Cardinals with 17 carries in the team's season opener, but  Jeremiyah Love jumped ahead with him with nine carries Week 2 and could continue to settle in as the club's clear No. 1 RB moving forward. The 49ers have yielded 4.04 YPC to running backs so far, but that's led to just one rushing TD.",7.52061017,7.09788041,7.51054171,8.27652678,8.69522593,7.28695671,7.6659808,7.95583233,7.1226091,7.65982749,7.65413134,8.88108752,7.72473013,0.0,8.26525993,7.96143926,8.54939687,7.8914787,tyler allgeier,14,7.9435389928571425,14,2.0,6.45,10.122862288412126,2.0,11.0,0.06548856548856549,0.615,,7.9435389928571425,8.66998009137547,0.0,14.0,-47.263307565559415,0.7264410985183272,156,41,29
Caleb Douglas,WR,MIA,214,167.68,QUESTIONABLE,"Caleb Douglas' status for the Dolphins' Week 3 matchup with the Chiefs is uncertain due to an ankle injury. Douglas played a hefty 85% of the team's offensive snaps before suffering the injury late in Week 2 but recorded just 19 yards after a 94-yard career debut. Should he play, Douglas is a speculative upside play for fantasy teams in need of Week 3 help.",7.36452175,9.3969266,8.75007321,8.2144725,8.84340092,0.0,8.37183041,8.53865378,9.07130841,8.92734529,9.10232185,8.49184379,8.14933225,8.89815801,8.66943306,8.80352019,9.2277771,8.41410547,caleb douglas,6,8.718533626428572,14,2.0,9.15,8.567900244949923,5.0,0.0,0.19484702093397752,0.885,,8.718533626428572,8.668322499269022,0.3,13.7,-47.44739500097079,-0.05021112715954956,157,58,57
David Njoku,TE,LAC,417,169.76,INJURY_RESERVE,,6.48824341,6.94689512,0.0,0.0,0.0,0.0,0.0,0.0,0.0,0.0,0.0,0.0,0.0,0.0,0.0,0.0,0.0,0.0,david njoku,7,,0,2.0,6.3500000000000005,7.326375767180234,4.0,0.0,0.1502849002849,0.35500000000000004,,,2.4421252557267445,8.0,6.0,-47.511795854234606,,158,27,259
Rachaad White,RB,WSH,119,139.23,ACTIVE,"Rachaad White recorded 13 touches for 83 yards out of the backfield last game for the Commanders. White took seven carries for 43 yards, while also catching six passes for 40 yards as a receiver with Washington playing from behind. White remains in a timeshare for touches with Jacory Croskey-Merritt, though, and will face a devastating Seattle defense in Week 3.  The Seahawks are allowing just 8.5 points and 214 yards per game thus far in 2026, which is second in the league in both categories.",8.85131358,7.55967225,9.3343906,10.21530958,10.26397972,9.48033051,0.0,9.31939992,9.21442145,9.73615225,9.6961687,9.90008179,9.64009181,9.32623802,9.98420869,9.01251958,9.51518594,9.79019923,rachaad white,7,9.617034182857143,14,2.0,9.5,10.005436182388634,4.0,7.0,0.12271805273833664,0.46499999999999997,7.4,8.508517091428573,8.64719051687865,0.0,14.0,-47.58236160851489,-0.9698436659784928,159,42,-40
RJ Harvey,RB,DEN,130,146.66,QUESTIONABLE,"RJ Harvey wasn't able to suit up in Week 2's win over the Jaguars due to a hamstring strain, putting his availability for a Week 3 matchup against the Rams in question. The second-year back was expected to be the pass-catching complement to J.K. Dobbins for the Broncos, but rookie Jonah Coleman handled that role and didn't look out of place. If Harvey misses too much time, Coleman could take his job, but Dobbins' own checkered injury history could leave Denver patching together a backfield from whoever is healthy.",8.46699603,0.0,9.49558581,9.51693157,9.67972777,9.3439619,10.10130179,9.79669027,10.05900976,0.0,10.00056399,9.42591574,10.45773294,9.53428883,9.79320618,10.20972161,9.48299557,9.88114195,rj harvey,10,9.778402409285714,14,1.0,8.1,6.161931374419664,4.0,3.0,0.148148148148148,0.51,8.0,8.889201204642857,8.343747238598219,1.0,13.0,-48.12838411126657,-1.4346551706874955,160,43,-30
Brenton Strange,TE,JAX,288,168.43,ACTIVE,"Brenton Strange was a non-factor during the Jaguars' Week 2 loss at Denver, but that was the case for every member of Jacksonville's passing game except for Parker Washington, who accounted for more than half of Trevor Lawrence's 189 passing yards. It won't be easy for Strange to bounce back in Week 3 against the Patriots, who are allowing just 8.0 points per game and have limited TEs to seven catches for 52 yards this season. There are likely better Week 3 options.",8.13348224,7.99456293,7.89698062,8.05528868,7.87875345,7.79590672,0.0,8.29561353,7.97070133,8.01486976,8.05661876,8.06401472,8.08207605,7.77636545,7.76452165,8.17048341,8.30739127,8.23848484,brenton strange,7,8.0092561,14,2.0,7.0,4.745380473369655,2.5,0.0,0.10714285714285719,0.755,,8.0092561,6.9212975577898845,0.0,14.0,-48.15244476433011,-1.0879585422101155,161,28,127
Jameis Winston,QB,NYG,478,169.68,ACTIVE,"Jameis Winston will take the reins of the Giants offense in Week 3 versus the Titans. Jaxson Dart suffered a serious knee injury and may not return this year. Winston's performance in relief of Dart last game left much to be desired, as he completed just 11-of-27 passes for 111 yards and an interception. Against Tennessee, at least Winston will have a week to prepare and face a lower-tier defense. The Titans are giving up 233.5 passing yards per game in 2026, which is 20th in the NFL.",0.0,0.0,14.67754327,15.3677359,14.67926898,13.99527576,12.02528701,0.0,12.21153713,15.4636281,14.27316231,14.23065362,13.59557134,11.3014846,14.01634731,14.25733578,13.45414573,13.01062654,jameis winston,8,13.824926917142859,14,1.0,2.54,13.708211455410744,0.0,2.0,0.0,0.88,,13.824926917142859,13.801583824796435,0.0,14.0,-51.279589121062855,-0.0233430923464244,162,33,316
Chris Godwin Jr.,WR,TB,124,140.91,ACTIVE,"Chris Godwin will look to bounce back from a slow start in the Buccaneers' Week 3 matchup against the Vikings. Godwin leads Tampa Bay's receiving corps in offensive snaps played (101) and has caught all seven of his targets through two weeks. However, this hasn't translated to much production, as he's accumulated just 86 receiving yards. Expect Godwin to remain one of the Buccaneers' most reliable targets in a difficult matchup against a Vikings defense that's given up just 27 receptions to wideouts through two games.",10.26373971,10.01424684,8.79553275,9.29173423,9.29198942,8.81039961,9.30255438,9.42397717,9.26812303,0.0,9.43453471,9.43808667,9.27449052,8.97714429,9.21457177,9.28731988,8.93040966,9.07679894,chris godwin,10,9.195776292142856,14,2.0,8.55,6.639978794475881,3.5,1.0,0.11952861952861946,0.86,9.5,9.347888146071428,8.445251695539579,0.0,14.0,-51.60938030429915,-0.7505245966032774,163,59,-39
Blake Corum,RB,LAR,135,143.98,ACTIVE,"Blake Corum should continue to be a big part of the Rams' backfield versus the Broncos in Week 3. Against the Giants on Monday Night Football, Corum racked up 79 yards on 12 carries while adding a 13-yard reception. Through two weeks, Corum has 22 carries to Kyren Williams'  23, so the pair appear to be headed for a pretty even workload in 2026. Denver could be vulnerable to both ball carriers, as the Broncos have given up a whopping 5.40 YPC to RBs this season -- third worst in the league.",9.37306127,9.72901769,8.55976732,8.53767737,9.63818491,10.28101315,9.47072636,9.40715919,9.75869987,9.82967434,0.0,9.44535346,9.24974095,8.66281047,9.5901481,8.32768685,8.98949569,8.75491461,blake corum,11,9.267724145,14,2.0,7.8,8.189554861232999,0.5,11.0,0.01666666666666665,0.34,7.6,8.4338620725,8.352426335411,0.0,14.0,-51.70906014906199,-0.915297809589001,164,44,-29
Kalif Raymond,WR,CHI,984,169.62,ACTIVE,"Kalif Raymond will look to stay involved as the Bears play the Eagles in Week 3. Raymond was a consistent option once again in Week 2 against the Vikings, catching all five of his targets for 40 yards. The veteran wide receiver has now recorded 13 catches for 124 yards on 14 targets through two games. With quarterback Tyson Bagent also slated to get the start under center, Raymond could be a safe target against a middle-of-the-pack Philly defense against WRs (29.4 PPR points per game).",3.30303903,6.18976724,7.15479091,7.27838518,7.44017386,7.55837502,7.30941929,6.98463335,7.53282478,0.0,7.49571598,7.66497114,7.66109652,7.74353648,7.78711067,7.52784734,7.77483506,7.05218551,kalif raymond,10,7.493836827142857,14,2.0,12.7,11.346692274408552,7.0,0.0,0.2564102564102565,0.61,,7.493836827142857,8.426997097182166,0.0,14.0,-51.86494468130293,0.9331602700393091,165,60,819
Jordan Addison,WR,MIN,127,141.26,ACTIVE,"Jordan Addison will seek to ramp things up as the Vikings travel to Tampa Bay in Week 3. Addison bounced back from a zero-catch performance in Week 1 this past Sunday, logging two catches for 21 yards against the Bears. Still, his output is nowhere near sufficient for fantasy owners, especially since he's put up WR2 numbers many times throughout the last three seasons. He'll face a Bucs defense that's allowed 24.9 PPR points per game against wide receivers this season, a top-10 mark.",9.91030755,10.58060286,10.56882657,11.09261653,10.50545063,0.0,10.99469076,10.87634651,11.2025215,10.54603651,10.51308894,10.84767191,10.86400872,10.23798827,11.02780967,11.06102906,10.19040215,10.82952538,jordan addison,6,10.752034837857144,14,2.0,2.05,5.919801970026632,3.5,0.0,0.1750572082379862,0.855,8.6,9.676017418928572,8.423945602627926,0.0,14.0,-51.90766560506229,-2.3280892352292177,166,61,-39
Cam Ward,QB,TEN,321,169.5,ACTIVE,"Cam Ward will be tough to trust outside of deeper multi-QB formats in Week 3, when the Titans face the Giants on the road. The 2025 first overall pick scored two short rushing TDs in Tennessee's surprisingly competitive Week 2 loss to the Eagles, matching his career total in that category heading into that game. Ward has just one touchdown pass this season and 16 touchdown passes through 19 NFL starts, of which he has won three. The Giants allowed two touchdown passes to Dak Prescott and four to reigning MVP Matthew Stafford, but those two veteran QBs are far more effective passers than Ward at this stage in their respective careers.",13.60324749,12.10217764,13.85859434,12.38259469,12.83381401,14.37952873,14.05368277,13.58080269,0.0,14.41114481,13.58637535,13.58825478,15.63671231,14.45586304,15.19649889,14.03690725,13.06780557,12.00110947,cam ward,9,13.933469944999999,14,2.0,15.86,13.350372059111812,0.0,4.0,0.0,1.0,,13.933469944999999,13.73910398303727,0.0,14.0,-52.15430690569117,-0.19436596196272937,167,34,154
Kenyon Sadiq,TE,NYJ,226,165.31,ACTIVE,"Kenyon Sadiq could be poised for a major breakout for the Jets in Week 3 if Mason Taylor (thumb) is unable to play against the Lions. Sadiq has played just 42% and 38% of the offensive snaps through two games, easing into the rotation after recovering from hernia surgery prior to the year. The Jets' offense isn't prolific, but the matchup with a porous Lions' defense could change that. Detroit has allowed two touchdown catches to opposing tight ends in each of the first two weeks and 187 total yards, the second-highest total across the league.",5.0851398,8.0980134,8.41987194,7.19865729,6.97574635,6.94705286,7.38703267,7.13760795,7.10753107,7.52851715,7.14786807,7.33867508,0.0,6.83222278,7.2762457,7.0168121,6.87211265,7.46036542,kenyon sadiq,13,7.227568118571428,14,2.0,7.550000000000001,5.14296655969791,3.0,0.5,0.10688405797101466,0.39,,7.227568118571428,6.532700932280256,0.0,14.0,-53.59279752146492,-0.6948671862911722,168,29,58
Emanuel Wilson,RB,SEA,358,169.74,ACTIVE,"Emanuel Wilson will look to build upon a big performance when Seattle faces Washington in Week 3. With Jadarian Price suffering a shoulder injury against Arizona on Sunday, Wilson stepped up and led the Seahawks with 21 rushes for 92 yards. Price's injury isn't considered serious, but it's not certain that he'll be able to return to action in Week 3. Whoever leads Seattle's backfield will be looking to score the first rushing touchdown against the Commanders this season.",1.61434608,1.9374152,8.89289038,7.8336583,7.57598334,7.04982297,0.0,0.0,0.0,0.0,0.0,0.0,0.0,0.0,0.0,0.0,0.0,0.0,emanuel wilson,11,7.8380887475000005,4,2.0,4.75,8.70965586482754,0.5,11.5,0.01923076923076925,0.235,,7.8380887475000005,8.128611119942514,0.0,14.0,-54.84247316562079,0.29052237244251344,169,45,189
Ryan Flournoy,WR,DAL,303,170.22,ACTIVE,"Ryan Flournoy managed six targets last game for Dallas. Flournoy parlayed those looks into five catches for 23 yards. Flournoy was third in targets behind CeeDee Lamb and George Pickens. In Week 3, Dallas hosts the Baltimore Ravens. Baltimore is allowing just 191 passing yards per contest, which is 12th in the NFL.",5.25238654,7.3882219,8.04729698,7.77648959,8.18232638,8.09533897,7.8634074,8.3672427,8.33237776,8.13922257,8.17500445,7.96043086,7.66076271,0.0,7.82807669,8.32302208,8.22216702,8.36669756,ryan flournoy,14,8.06951186857143,14,2.0,5.75,7.947869079587891,5.0,0.0,0.1634408602150535,0.735,,8.06951186857143,8.028964272243584,0.0,14.0,-57.43740423044308,-0.04054759632784588,170,62,133
Chig Okonkwo,TE,WSH,318,169.67,QUESTIONABLE,"Chig Okonkwo did not play in Week 2 for the Commanders. Washington's active tight ends did not fare well, catching a combined two passes for 20 yards in the 37-20 loss to Dallas. Starting quarterback Jayden Daniels only played a half due to injury, and veteran backup Marcus Mariota will likely start in Week 3 versus a devastating Seattle defense. The Seahawks are allowing just 8.5 points per game thus far in 2026, which is second in the league. Seattle is also allowing the fewest passing yards per contest at 124.5 per tilt. None of this appears to be a recipe for success for Okonkwo, even if he is able to suit up.",6.79014988,0.0,6.67373768,7.19136327,7.04617002,6.92980143,0.0,6.65951549,6.59461558,6.79375503,6.84740468,6.90315262,6.76320019,6.58497008,6.86910791,6.44232994,6.8833508,6.93919775,chig okonkwo,7,6.798748194285714,14,1.0,3.6,5.884772608841475,3.0,0.0,0.103448275862069,0.56,,6.798748194285714,6.086676831021117,0.3,13.7,-58.554910618969444,-0.7120713632645979,171,30,147
Romeo Doubs,WR,NE,151,154.85,ACTIVE,"Romeo Doubs will look to build on Week 2's uptick in workload in the Patriots offense when they face the Jaguars in Week 3. After not catching a pass in his Week 1 debut, Doubs snagged three of four targets for a team-high 96 yards in Week 2. New England's passing game is sputtering, and despite A.J. Brown missing the last game and a half, Doubs has not logged heavy volume. Jacksonville's secondary was just beaten for 138 yards by Jaylen Waddle, but otherwise, has held up with only one touchdown to opposing wideouts. Until his opportunities increase, Doubs presents a risky profile.",8.19459075,10.59059162,11.50549752,11.86493677,11.3974478,11.09976114,7.67997057,7.8399733,7.68885212,7.86898089,0.0,7.60495346,8.04158699,7.32705819,7.56201022,7.3468373,7.2696595,7.91413739,romeo doubs,11,8.721251840714286,14,2.0,6.3,6.52489262537994,3.5,0.0,0.14362519201228854,0.615,8.6,8.660625920357143,7.948714822031409,0.0,14.0,-58.560896533413526,-0.7725370186828773,172,63,-21
Rashod Bateman,WR,BAL,227,167.71,ACTIVE,"Rashod Bateman and the Ravens are on the road for a Week 3 matchup against the Cowboys. In the absence of top wideout Zay Flowers (hamstring), Bateman caught seven of nine targets for 88 yards and a touchdown during Baltimore's Week 2 loss. He'll likely slide back to a supporting role if Flowers is able to suit up this Sunday. However, if he's unable to do so, Bateman will have the chance to replicate his solid outing versus a Dallas defense that ranks 18th in fantasy points per game (31.2) allowed to WRs.",7.28805421,10.31583529,7.62306371,7.48627855,7.52225178,7.20857777,7.55981906,7.79500424,7.62817401,7.52140929,7.54324153,7.14362265,0.0,7.50289961,7.09549098,7.27725536,7.48255033,7.16859898,rashod bateman,13,7.45640277642857,14,2.0,10.9,8.821888915098224,5.0,0.0,0.17600574712643685,0.855,,7.45640277642857,7.911564822651788,0.0,14.0,-59.08099652472823,0.45516204622321776,173,64,54
Tyjae Spears,RB,TEN,154,159.19,QUESTIONABLE,"Tyjae Spears is likely to see a handful of touches as usual for the Titans behind Tony Pollard in Week 3, but that projected usage is enough for Spears to earn flex consideration in deeper formats against a Giants defense that has struggled to defend RBs. The Giants just allowed at least 92 scrimmage yards apiece to the Rams' backfield duo of Kyren Williams and Blake Corum, but the Rams boast one of the league's most talented offenses and led the league with 30.5 points per game last season, while the Titans are averaging 15.0 PPG after scoring 16.7 PPG last season. Spears can make big plays happen in space, as he showed in compiling 70 yards on nine touches in last week's loss to the Eagles, though he had just 24 yards on five touches in the season-opening loss to the Jets.",9.35901231,8.651007,9.73856673,9.1063343,9.29674675,9.81579349,9.75530095,9.44248861,0.0,9.80775783,9.57178089,9.55126642,10.19157361,9.79290801,10.07663598,9.5636465,9.37865534,9.03618215,tyjae spears,9,9.649246815000001,14,2.0,6.7,7.036566995170341,3.0,5.0,0.130252100840336,0.43,6.4,8.024623407500002,7.695271270056781,0.3,13.7,-59.60403325550631,-1.9539755449432201,174,46,-20
Oronde Gadsden,TE,LAC,418,170.51,ACTIVE,"Oronde Gadsden hasn't logged much volume to begin the season, with just four targets through two games, but he's caught all four for 50 yards and scored his first touchdown of 2026 in the Chargers' loss last week to the Raiders. The second-year tight end's usage could increase significantly in the coming games. Both David Njoku and Charlie Kolar left the Week 2 loss to Las Vegas with injuries that are expected to land them on injured reserve, leaving Gadsden as the only healthy TE on the roster. He doesn't have the blocking skills of his veteran teammates, which could limit how much OC Mike McDaniel is willing to put him on the field, but Gadsden's workload will still increase almost by default unless the team is able to find immediate help from outside the organization. He'll face a Bills defense in Week 3 that ranks in the bottom 10 in catches and receiving yards allowed to tight ends this season.",4.78899422,4.03325295,8.69546429,7.90216898,6.9201188,7.19315598,0.0,6.98353319,7.03059071,7.14573178,7.0359683,7.10535446,7.22007366,7.16311924,7.24873656,7.43000952,7.26510412,6.8441973,oronde gadsden,7,7.3099378278571425,14,2.0,7.5,3.6165855671713154,2.0,0.0,0.0754985754985755,0.31,,7.3099378278571425,6.078820407628534,0.0,14.0,-59.94712486658902,-1.2311174202286086,175,31,243
Evan Engram,TE,DEN,416,169.29,ACTIVE,"Evan Engram had a minimal role in the Broncos' Week 2 win over the Jaguars, catching his only target for 17 yards. The veteran tight end has notched just six targets through two games, and while he did get into the end zone in the season opener, the reduced volume he saw in 2025, his first year in Denver, doesn't look like it will improve in 2026. Engram will take on a Rams defense in Week 3 that's allowed just 64 receiving yards to TEs so far, sixth in the league, and has yet to allow one to score a touchdown.",6.12691738,7.07389578,6.14055839,6.24336908,6.30298386,6.00576259,6.40767561,6.32163306,6.34611763,0.0,6.26449983,6.01127051,6.509349,6.02796091,6.21486301,6.64802268,6.10976175,6.35359897,evan engram,10,6.2538448507142865,14,2.0,8.5,5.429091750081856,3.0,0.0,0.10983397190293735,0.575,,6.2538448507142865,5.978927150503476,0.0,14.0,-61.345630466339834,-0.2749177002108105,176,32,240
Tre' Harris,WR,LAC,302,170.47,ACTIVE,"Tre' Harris caught only one pass in the Chargers' Week 2 loss to the Raiders, but he made it count, connecting with a scrambling Justin Herbert for a 53-yard gain that set up a third-quarter touchdown. Harris has just a 4-73-0 line on nine targets through two games, but if he continues to show he can gain significant yards after the catch, he could prove to be a good fit for OC Mike McDaniel's scheme. The 2025 second-round pick will face a Bills secondary in Week 3 that's given up the fourth-most receiving yards to WRs so far this year.",5.63350635,6.38468091,7.95920034,7.12451324,7.23859804,7.55711092,0.0,7.30966241,7.36629861,7.48605386,7.42073245,7.47385782,7.59370783,7.5512563,7.63291636,7.87716718,7.66313325,7.13457569,tre harris,7,7.518157757857144,14,2.0,5.65,7.712591754991485,4.5,0.0,0.16880341880341848,0.7849999999999999,,7.518157757857144,7.582969090235257,0.0,14.0,-63.68133677855966,0.0648113323781132,177,65,125
Wan'Dale Robinson,WR,TEN,93,127.9,ACTIVE,"Wan'Dale Robinson is off to a slow start with the Titans, but he'll try to recapture his magic from last season with the Giants when he faces the Giants in Week 3. The shifty WR was peppered with short targets during his last couple seasons with the Giants, racking up 140 targets apiece in 2024 and 2025. After exceeding 1,000 receiving yards in 2025, Robinson signed a four-year, $78 million contract to join former Giants head coach and current Titans offensive coordinator Brian Daboll in Tennessee. Robinson is on pace for just 60 targets with his new team, so his involvement is likely to grow moving forward. It will be tough to trust Robinson until Tennessee's passing game shows some signs of life, but there is some deep-league fantasy flex appeal here for Week 3, especially in PPR formats, against a banged-up Giants secondary.",10.38102466,9.49781528,8.02263674,7.83520992,7.70700795,8.22251285,7.79863169,7.98074725,0.0,8.22721661,8.10268575,8.11430481,8.39350455,8.21164369,8.33749372,7.88825574,7.66047399,7.60385785,wandale robinson,9,8.035880375714287,14,2.0,5.3500000000000005,5.613521514847797,3.5,0.0,0.13655462184873934,0.675,9.0,8.517940187857143,7.54980063018736,0.0,14.0,-64.1456952192302,-0.48607974552692657,178,66,-85
Malachi Fields,WR,NYG,299,169.64,ACTIVE,"Malachi Fields finished third in receptions and second in targets for the Giants last game. Despite seeing increased involvement, Fields caught just two passes for just 30 yards in the dismal loss to the Rams. The bigger news may be that starting quarterback Jaxson Dart could be lost for the season due to a knee injury. With Jameis Winston under center, Fields will likely see his stock take a hit. However, in Week 3, the Giants will face a lackluster Titans defense allowing 233.5 passing yards per clash, which is 20th in the league.",6.88641459,6.13796531,8.26090232,8.45744959,8.449281,8.20511382,7.81821438,0.0,7.90266237,8.54370302,8.39820078,8.39957701,8.19494004,7.69030447,8.00493697,8.41358277,8.30287092,8.00984256,malachi fields,8,8.217267104285716,14,2.0,4.75,9.225282685333763,5.0,0.0,0.1627155172413795,0.765,,8.217267104285716,7.52687962221219,0.0,14.0,-64.46658933088258,-0.6903874820735254,179,67,120
MarShawn Lloyd,RB,GB,102,131.98,ACTIVE,"MarShawn Lloyd will aim to be more efficient as the Packers play the Falcons in Week 3. Lloyd scored his first career touchdown off a six-yard catch in Week 2, but he also rushed six times for just 20 yards. The inexperienced running back has now averaged just 3.0 YPC off 19 carries this season, which is far from what Green Bay is looking for out of its RB1. Lloyd will also face an Atlanta defense that's allowed a top-10 127 rushing yards to running backs, which could make his job even harder.",12.7493926,11.16454608,8.62676561,7.73121689,8.71907769,8.25279382,4.35036811,4.56072192,4.06555079,4.1141044,0.0,3.92361897,4.20691571,4.41124374,4.65858981,4.39075383,4.13415172,4.49553495,marshawn lloyd,11,5.438990929285714,14,2.0,6.15,8.877587969521056,1.5,9.5,0.04698275862068965,0.355,8.0,6.719495464642857,7.438859632935589,0.0,14.0,-64.49899398371774,1.9998687036498755,180,47,-78
Greg Dulcich,TE,MIA,372,170.1,ACTIVE,"Greg Dulcich's opportunities have been limited in Miami's passing game heading into a Week 3 matchup with the Chiefs. Dulcich has four total catches on five targets to open the year, tallying 35 yards. Kansas City has allowed volume to the position through two weeks, surrendering 12 catches and two touchdowns, but just 74 total yards and 4.6 yards per target. Better fantasy options are available.",7.095037,6.76809945,6.38648633,6.02216169,6.43812552,0.0,6.09935786,6.23222331,6.59389805,6.53451485,6.6499645,6.16657886,5.98042258,6.47066408,6.32879313,6.43050595,6.72050833,6.1604223,greg dulcich,6,6.3610146457142855,14,2.0,3.75,4.321491302430475,2.5,0.0,0.10225442834138505,0.69,,6.3610146457142855,5.6811735312863485,0.0,14.0,-65.51418113537962,-0.679841114427937,181,33,191
Kendrick Bourne,WR,ARI,983,169.89,ACTIVE,"Kendrick Bourne appears to have earned a key role in Arizona's passing game heading into a Week 3 matchup versus San Francisco. After joining the Cardinals in the offseason, Bourne has recorded 11 targets through two weeks, second-most among Arizona wide receivers. The veteran wideout has logged a 10-86-0 line on those opportunities, as he has established good chemistry with QB Jacoby Brissett. With that said, Week 3 could be another tough test for Arizona's air game: the 49ers have allowed just a 59.3 percent catch rate to WRs so far, ninth-best in the NFL.",2.9803105,5.92179129,6.70992293,6.82699502,7.09893703,6.52327453,6.47492157,6.90702095,6.3901588,6.62395657,6.75144006,7.13346352,6.66720483,0.0,6.63364965,6.74049474,6.84132475,6.81969184,kendrick bourne,14,6.737340353571428,14,2.0,9.3,8.862939609581222,5.5,0.0,0.1658004158004155,0.635,,6.737340353571428,7.445873438908026,0.0,14.0,-65.60067589714089,0.7085330853365983,182,68,801
Jakobi Meyers,WR,JAX,111,135.51,QUESTIONABLE,"Jakobi Meyers has been targeted just three times through Jacksonville's first two games. That lack of volume makes him hard to trust as anything more than a deep-league dart throw in Week 3 against a Patriots defense that held the Seahawks and Steelers to a combined 16 points. Parker Washington (18 targets), Brian Thomas (11 targets), and even TE Brenton Strange (five targets) have all been higher on Trevor Lawrence's priority list than Meyers. To the veteran wide receiver's credit, Meyers's 28-yard effort on one target in the Week 2 loss to Denver marked the first time in 11 games as a member of the Jaguars that he failed to record at least 39 receiving yards. Therefore, he could rebuild a solid fantasy floor if Lawrence starts looking Meyers's way more frequently.",10.40953021,9.77699575,9.2909277,9.46798268,9.20054082,9.11108153,0.0,9.82259453,9.29135447,9.45233413,9.48521437,9.56348612,9.55045353,9.12365232,9.04857097,9.58349951,9.87527494,9.7025945,jakobi meyers,7,9.419069115714285,14,2.0,8.0,3.1649368775963445,1.5,0.5,0.06547619047619045,0.775,9.2,9.309534557857141,7.261335331103542,0.3,13.7,-66.72311920483787,-2.157733784610743,183,69,-72
Tommy Tremble,TE,CAR,1005,169.75,ACTIVE,"Tommy Tremble is expected to remain the Panthers' top tight end in the Week 3 matchup against the Browns. Tremble was overshadowed by Darren Waller in the Week 2 win, as Waller paced Carolina's tight end corps in targets (three), receptions (three), yards (33) and touchdowns (two) Despite this, Tremble played six more Darren Waller (32 to 26), suggesting he's still operating as the Panthers' top TE. Regardless, Tremble could struggle in Week 3 against a Browns defense that's allowed just 10.5 PPR fantasy points per game to the position thus far.",3.26679386,4.26871049,4.77441082,5.1154779,0.0,4.77280294,4.97583437,4.90901822,4.69924035,4.87860762,4.91426459,4.9189799,4.6823936,4.93752855,4.99511802,4.70400804,4.70236013,5.03159026,tommy tremble,5,4.855717503571428,14,2.0,3.45,6.356539300084087,3.5,0.0,0.104779411764706,0.56,,4.855717503571428,5.355991435742315,0.0,14.0,-70.0667304729961,0.5002739321708862,184,34,821
Kaelon Black,RB,SF,292,166.76,ACTIVE,"Kaelon Black enters a Week 3 tilt against Arizona having established himself as San Francisco's clear No. 2 back. While Black has caught only one pass (on one target) through two contests, he's carried the ball 21 times -- one more than starter Christian McCaffrey (20 carries) and well ahead of No. 3 RB Jordan James (four totes). Of course, McCaffrey is the unquestioned leader of the 49ers' backfield, but Black has at least carved out a significant role and put himself on the fantasy radar in his first NFL campaign. The Cardinals just gave up 144 total rushing yards to Seattle's Jadarian Price and Emanuel Wilson in a loss Sunday, so they could be vulnerable against San Francisco's ground game.",4.50004755,8.32035533,7.37613537,6.42883745,5.91287037,7.30857178,6.8790038,0.0,7.09988925,6.52205128,6.32040858,6.23061219,6.88146299,6.31326599,6.37497423,6.26565153,6.38516768,7.0285372,kaelon black,8,6.592778749285714,14,2.0,5.25,7.850769983802665,0.5,10.5,0.0147058823529412,0.38,,6.592778749285714,7.012109160791365,0.0,14.0,-70.47350059373687,0.4193304115056504,185,48,107
Ted Hurst III,WR,TB,397,170.03,ACTIVE,"Ted Hurst is expected to remain one of the Buccaneers' top receiving options in the Week 3 matchup against the Vikings. Despite the return of Jalen McMillan in the Week 2 loss to the Browns, Hurst played a career-high 45 offensive snaps -- 38 more than McMillan. Additionally, Hurst led the team with seven targets, though it led to just two receptions. Regardless, it appears as if Hurst will remain an important piece of the Buccaneers' offense as the season progresses. The rookie wideout will likely struggle but could find success against a Minnesota secondary that's allowed 12.6 yards per completion this season.",5.69415794,5.43833999,5.82695552,6.15663458,6.15273332,5.83030511,6.15295151,6.2394955,6.13297924,0.0,6.24566726,6.23993281,6.14527482,5.95160452,6.09839907,6.15190708,5.91523041,6.0091611,ted hurst,10,6.088576482142857,14,2.0,5.65,9.053466820233442,5.0,0.0,0.1616161616161615,0.745,,6.088576482142857,7.076873261506385,0.0,14.0,-70.76667838076386,0.9882967793635284,186,70,211
Kenny Gainwell,RB,TB,90,124.47,ACTIVE,"Kenneth Gainwell is expected to play as the Buccaneers' No. 2 running back in the Week 3 matchup against the Vikings. Gainwell was thought to be Tampa Bay's top receiving back heading into the season, but he's caught just three of four targets through two games, which is far less than Bucky Irving (11 receptions on 11 targets). Additionally, Gainwell has been relatively inefficient, averaging just 2.9 yards per touch. He's set to face one of the best defenses in the NFL in Minnesota, who have allowed just 3.4 yards per carry this season.",12.02544376,9.58012154,7.60171729,7.9123333,7.86733945,7.74675739,8.11727764,8.21164234,8.07958317,0.0,8.05054531,8.33901101,7.91791233,7.47349311,8.01195013,7.99395468,7.55165688,7.7957295,kenny gainwell,10,7.919655287857144,14,2.0,3.65,5.088692687392967,2.5,3.5,0.079124579124579,,,7.919655287857144,6.976001087702419,0.0,14.0,-70.97901361698213,-0.9436542001547252,187,49,-97
Darren Waller,TE,CAR,374,169.09,ACTIVE,"Darren Waller could remain a valuable part of the Panthers' offense in the Week 3 matchup against the Browns. Through two games, Waller appears to be the Panthers' top receiving option at tight end, leading the TE room in yards (66), receptions (five) and touchdowns (two). However, having only received five targets through two weeks, Waller is likely a touchdown-or-bust streaming option going forward. He's in for a tough Week 3 matchup against a Browns defense that's given up just 10.5 PPR fantasy points per game to the position this season.",7.11970794,6.10627294,5.55975619,5.94383074,0.0,5.55271061,5.78488082,5.7112182,5.47436543,5.67692153,5.71506142,5.71967966,5.45354083,5.74449024,5.80859764,5.47433811,5.47990611,5.85042569,darren waller,5,5.649949823571428,14,2.0,11.55,4.565227575720504,2.5,0.0,0.07628676470588235,0.395,,5.649949823571428,5.288375740954454,0.0,14.0,-71.01335020002615,-0.36157408261697466,188,35,186
AJ Barner,TE,SEA,319,168.17,ACTIVE,"AJ Barner should again lead Seattle's TE corps in a Week 3 tilt versus Washington. Barner logged a healthy 56 of the Seahawks' 70 offensive snaps Sunday versus the Cardinals, but he finished with just one catch (on one target) for eight yards. Barner did boost his fantasy line considerably with a rushing touchdown, though his three catches for 21 yards through two weeks isn't going to turn many heads. Nonetheless, he could be a sneaky option for Week 3 against a Commanders defense that has already given up four receiving TDs to tight ends, tied for most in the NFL.",7.16276758,6.56468861,6.55464701,6.41075916,6.3554335,5.97130271,6.32914266,6.43326397,6.4935205,6.24815619,0.0,6.23487842,6.47126627,6.39394351,6.10560275,6.1494666,6.38399879,6.06742209,aj barner,11,6.32395586,14,2.0,5.6,2.5725684951608114,1.5,0.5,0.0608974358974359,0.8400000000000001,,6.32395586,5.073493405053604,0.0,14.0,-74.02170290263804,-1.2504624549463959,189,36,130
Brian Robinson Jr.,RB,ATL,203,168.05,ACTIVE,"Brian Robinson (ankle) will operate as the Falcons' No. 2 running back if active for the Week 3 matchup against the Packers. Robinson logged 13 touches in Atlanta's Week 2 loss to the Panthers, but eight of those came in the fourth quarter -- suggesting he's still firmly the second option at RB. The Alabama product has been efficient, however, averaging 4.1 yards per carry through two weeks. He's also in for a favorable matchup, with the Packers defense allowing 22.9 PPR fantasy per game to RBs this season.",4.91986309,6.15719956,5.73785565,5.85402211,5.66150552,6.54925292,5.78079677,5.69782359,5.93395882,5.8939118,0.0,5.42340527,6.4320303,6.00251748,6.25386232,6.00461794,6.16759617,6.2719049,brian robinson,11,5.956654047142857,14,2.0,5.8999999999999995,8.262188655694494,1.0,10.0,0.03225806451612905,0.365,,5.956654047142857,6.725165583326736,0.0,14.0,-74.49071067824168,0.7685115361838788,190,50,13
Sam Darnold,QB,SEA,297,166.07,QUESTIONABLE,"Sam Darnold has a chance to return from a glute injury for Seattle's Week 3 matchup against the Commanders. It remains to be seen if the veteran QB will be able to suit up, but he reportedly has been ahead of schedule in his recovery. With Darnold out against Arizona in Week 2, Drew Lock took over and led the Seahawks to a win. Whichever signal-caller starts under center in Week 3 could feast upon a Washington defense that has allowed a 137.0 passer rating this season, the worst mark in the NFL.",14.03172575,0.0,15.81478773,15.32382011,14.90180179,13.07410441,14.88954693,16.07991431,16.30234813,15.07313787,0.0,14.14077808,15.41866178,15.57701212,13.59105849,14.12383096,15.41625704,13.42829007,sam darnold,11,14.980504267857143,14,1.0,0.52,0.1359217770600204,0.0,0.0,0.0,0.1,,14.980504267857143,12.011587769697718,0.3,13.7,-74.70368673760679,-2.968916498159425,191,35,106
Marvin Harrison Jr.,WR,ARI,69,109.54,ACTIVE,"Marvin Harrison will look to bounce back from his Week 2 goose egg when the Cardinals face San Francisco in Week 3. Harrison was targeted by QB Jacoby Brissett just once Sunday in a loss to the Seahawks and finished without a catch. The third-year receiver concerningly has just one catch for 33 yards through two weeks, and perhaps even more distressingly for his fantasy managers, he's drawn only four targets to Michael Wilson's 14 so far. The 49ers rank in the top 10 through two weeks by giving up only 247 receiving yards to wideouts.",11.46849362,9.29773985,7.03052433,7.19993244,7.51302434,6.82045321,6.79621534,7.25541083,6.66746985,6.95930823,7.08957847,7.57711549,7.00514843,0.0,7.02208867,7.09282282,7.25379995,7.17601136,marvin harrison,14,7.091635171428572,14,2.0,2.15,3.6302759353127096,2.0,0.0,0.0597713097713098,0.765,9.4,8.245817585714287,6.707303702247095,0.0,14.0,-75.94065221039394,-0.3843314691814772,192,71,-123
Braelon Allen,RB,NYJ,221,169.36,ACTIVE,"Braelon Allen's usage remains questionable as the Jets prepare to face the Lions in Week 3. After a run-heavy Week 1 where Allen had 10 attempts, that number was cut in half in Week 2. He has also only seen two targets through two games. Breece Hall remains the workhorse, and the Lions' vulnerability to chunk plays in the passing game could further phase Allen out of meaningful touches, despite Detroit allowing 5.2 yards per carry.",4.62549123,7.85353782,6.62069116,6.71340228,6.75827238,6.09758755,7.22401957,6.7909479,6.12853493,6.76310272,6.2276959,6.93456638,0.0,6.13238313,6.77556211,6.38101392,6.21605395,6.48368456,braelon allen,13,6.5545595628571425,14,2.0,6.25,6.522935237001768,1.0,7.5,0.0356280193236715,0.355,,6.5545595628571425,6.544018120905352,0.0,14.0,-77.02677515214106,-0.010541441951790631,193,51,28
DeMario Douglas,WR,NE,336,170.39,ACTIVE,"DeMario Douglas' role in New England's struggling passing offense is questionable ahead of a Week 3 game at Jacksonville. In Week 2, Douglas logged just two targets in his first full game without A.J. Brown after a seven-target opener, and he's averaging just 4.8 yards per reception to start the season. Jacksonville is allowing a hefty 10.3 yards per target to opposing wideouts, but Douglas' inability to stretch the field would require uncharacteristic heavy volume to provide a modest fantasy return.",4.9801304,7.8004874,8.88647456,9.16060658,8.79129622,8.5566906,5.2746954,5.38718779,5.27228967,5.40329431,0.0,5.21484748,5.51829187,5.02369091,5.18487781,5.03895974,4.98932375,5.44236697,demario douglas,11,6.264466192142857,14,2.0,4.45,7.271846709734138,4.5,0.0,0.1605222734254991,0.5449999999999999,,6.264466192142857,6.600259698006617,0.0,14.0,-77.43926826976062,0.33579350586376044,194,72,142
Isaiah Williams,WR,NYJ,1057,169.86,ACTIVE,"Isaiah Williams will look to build on an expanding role in Week 3 when the Jets face the Lions. Elevated to No. 3 on the depth chart with Omar Cooper landing on IR, Williams recorded six targets last week, catching them all for just 34 yards. The Jets' offense is unlikely to score enough to sustain a third viable receiver, but if there were such a matchup, it would be Week 3 against a secondary that's already allowed 437 yards to wideouts through two games.",2.29560685,4.93500347,6.9767203,6.91962994,6.71773879,6.59043499,7.1729679,6.8652393,6.7614487,7.22987942,6.80990474,7.09490082,0.0,6.5100902,6.99986538,6.6832267,6.5588807,7.1338997,isaiah williams,13,6.849351991428572,14,2.0,6.25,5.951199162059336,3.5,0.5,0.1050724637681161,0.71,,6.849351991428572,6.549967714972159,0.0,14.0,-78.14335603224302,-0.2993842764564123,195,73,862
Kayshon Boutte,WR,HOU,311,169.95,ACTIVE,"Kayshon Boutte had three catches in his second game with the Texans in Week 2 after going without a catch in his team debut. He's probably the best downfield option in the absence of Nico Collins (hamstring), who looks likely to sit out again in Week 3 against the Colts after missing the Week 2 loss to Cincinnati. The Colts have talent in their secondary, led by CB Sauce Gardner, but they are vulnerable to big plays through the air since they often leave their cornerbacks in one-on-one coverage with receivers. Indianapolis has allowed the most points and yards in the NFL this season, so Boutte has starter-level upside in deep leagues for Week 3.",9.36540336,9.81789694,6.78929511,6.80283485,6.60813333,6.745393,6.71439655,0.0,6.60021919,6.39164049,6.88200599,6.58512689,6.25298177,6.84077173,6.79175471,6.36156598,6.59358004,6.6943599,kayshon boutte,8,6.639978545000001,14,2.0,4.9,6.128969110148763,3.5,0.0,0.07702702702702705,0.59,,6.639978545000001,6.469642066716254,0.0,14.0,-79.2679151078257,-0.17033647828374665,196,74,115
Noah Fant,TE,NO,1022,169.91,ACTIVE,"Noah Fant is expected to play a depth role in the Saints' tight end corps during the Week 3 matchup against the Raiders. Fant had a surprisingly productive Week 1 outing, catching four of eight targets for 33 yards and a touchdown. However, he didn't see a target in Week 2 while playing on 45 percent of the team's offensive snaps, suggesting he remains firmly behind Juwan Johnson. Additionally, Fant is in for a tough Week 3 matchup against a Raiders defense that's given up just eight receptions to TEs through two games.",3.66497377,3.04574781,3.26480705,3.32313748,3.14351517,3.27882536,3.14170092,0.0,3.18973767,3.33088256,3.29473928,3.28063482,3.29070943,3.30297699,3.26760789,3.3570754,3.29317118,3.29527988,noah fant,8,3.2685372285714287,14,2.0,6.65,7.273389620812837,4.0,0.0,0.076923076923077,0.425,,3.2685372285714287,4.603488025985231,0.0,14.0,-80.60177820959527,1.3349507974138026,197,37,825
Mason Taylor,TE,NYJ,464,169.87,DOUBTFUL,"Mason Taylor's availability for the Jets' Week 3 matchup with the Lions is uncertain due to a thumb injury that forced him to exit Week 2 early. Taylor didn't record a catch prior to exiting and has only three targets on the season, leaving him with a very questionable role. The matchup could make him a sneaky option if desperate, as Detroit has allowed two touchdown catches to the position in each of their first two games.",5.91869842,4.52386062,0.0,3.91691676,3.78478706,3.76727211,4.03860176,3.87762722,3.86164046,4.10837153,3.89256969,4.01032658,0.0,3.69920526,3.96407301,3.80699064,3.72778705,4.06900147,mason taylor,13,3.881243779230769,13,1.0,1.8,5.079383184057033,3.0,0.0,0.130434782608696,0.56,,3.881243779230769,4.120871660196022,1.0,13.0,-81.11852109274105,0.23962788096525278,198,38,266
Jalen Nailor,WR,LV,220,169.8,ACTIVE,"Jalen Nailor has had a quiet start to his Raiders' tenure, catching four of eight targets for 36 yards through two games without a touchdown. He hasn't been able to get on the same page as quarterback Kirk Cousins, even though the two were together in Minnesota for the first two years of Nailor's career, and the impending return of Brock Bowers will bump everyone else down a rung in the pecking order for looks. Nailor seems unlikely to break out in Week 3 against a Saints secondary that ranks in the middle of the pack in terms of volume allowed to wide receivers so far, but which has given up three TDs to the position in two games.",9.08195132,8.57898197,6.31412981,6.41666222,6.16462096,6.76756272,5.80754594,5.74961198,5.85990727,5.66973012,5.54862245,5.78539766,0.0,6.05673123,5.66132171,6.08208355,6.13765051,5.89754766,jalen nailor,13,6.001541294999998,14,2.0,3.8,6.849813010028687,4.0,0.0,0.1379310344827585,0.6,,6.001541294999998,6.284298533342895,0.0,14.0,-81.86272457505272,0.2827572383428967,199,75,21
Jahan Dotson,WR,ATL,331,170.08,ACTIVE,"Jahan Dotson is expected to operate as Atlanta's No. 2 wideout in the Week 3 matchup against the Packers, whose defense has allowed just 8.3 yards per completion this season. Despite Dotson clearly operating as the Falcons' No. 2 wideout this season, he's had little fantasy value, in large part due to the problems at quarterback. With Michal Penix set to return in the Week 3 matchup, Dotson could be more relevant but will likely remain overshadowed by Drake London, Kyle Pitts and Bijan Robinson. Dotson could find the end zone, however, as the Packers' defense has already allowed three touchdowns to wideouts in two games, which is tied for the fourth-most in the NFL.",4.68040665,5.46278811,6.27386326,6.21177678,6.25935155,6.45212898,6.28981027,6.26753813,6.34417205,6.32066371,0.0,5.92113579,6.5726926,6.06773807,6.52571268,6.3619552,6.30919346,6.3688114,jahan dotson,11,6.298409466428572,14,2.0,3.0,6.143909620157487,3.5,0.0,0.1434634974533105,0.69,,6.298409466428572,6.2469095176715435,0.0,14.0,-82.38617079445164,-0.051499948757028235,200,76,131
Makai Lemon,WR,PHI,141,149.64,ACTIVE,"Makai Lemon had just one catch in Philadelphia's win over Tennessee. Lemon is battling with Darius Cooper for the No. 3 wideout spot, as Dontayvion Wicks has all but claimed No. 2 for his own. Lemon had just one target last game, while Cooper had three and Wicks managed six. In Week 3, Philadelphia will face a Bears defense allowing 240 passing yards per tilt thus far this season, which is 25th in the NFL.",8.44738124,8.99619413,7.25986385,7.06595811,5.57704347,5.61456829,5.6247212,5.63995243,5.55509386,0.0,5.28696678,5.55643095,5.59180829,5.67745381,5.24706778,5.31528523,5.41800324,5.4922542,makai lemon,10,5.7450155207142855,14,2.0,2.2,4.43480881225587,2.5,0.5,0.1056149732620322,0.635,8.5,7.122507760357143,6.226608110990052,0.0,14.0,-82.67039048799252,0.48159259027576695,201,77,-60
Keon Coleman,WR,BUF,361,168.9,QUESTIONABLE,"Keon Coleman will look to build on a mild breakout when the Bills face the Chargers in Week 3. He hauled in six passes last week, his highest total since Week 1 of 2025, as the Bills lost DJ Moore (shoulder) early in Week 2. The Chargers have been more vulnerable to slot options than bigger outside receivers, and Moore's availability remains in flux. With the Bills offense clicking at all levels, Coleman can still garner enough volume to be a deep-league flex consideration.",5.22201719,5.20640051,6.36042933,6.20721589,6.13972789,6.25126424,0.0,6.30357457,6.03854911,6.09927174,6.48644107,6.33882256,6.15486561,6.2939458,6.39019071,6.00644561,6.45250806,6.14771809,keon coleman,7,6.251660870714285,14,2.0,6.7,5.785337379948119,3.5,0.0,0.12499999999999985,0.62,,6.251660870714285,6.096219707125563,0.3,13.7,-82.68520325333618,-0.15544116358872184,202,78,159
Jalen McMillan,WR,TB,167,165.41,ACTIVE,"Jalen McMillan will look to bounce back from a lackluster 2026 debut in the Buccaneers' Week 3 matchup against the Vikings. McMillan returned from a knee injury in the Week 2 loss against the Browns but played just seven offensive snaps. He'll likely be more involved as the season progresses, but with Tampa Bay's offensive struggles (five turnovers and two total touchdowns through two weeks), he may struggle to find fantasy relevance. Additionally, he's in for a difficult Week 3 matchup against a Minnesota defense that allowed just three points to the Bears in Week 2.",0.0,7.0139401,5.80363653,6.08051455,6.02931069,5.79602798,6.09999293,6.17239202,6.0928905,0.0,6.17869316,6.19448501,6.06038157,5.8199895,6.02411875,6.07715989,5.89117471,5.9264781,jalen mcmillan,10,6.022911985,14,,,,,,,0.11,,6.022911985,6.022911985,0.0,14.0,-85.52213625185325,0.0,203,79,-36
Kaleb Johnson,RB,GB,385,169.94,ACTIVE,"Kaleb Johnson could continue to carve out a role as the Packers take on the Falcons in Week 3. Johnson saw a huge uptick in usage against the Jets in Week 2, logging eight carries for 32 yards. The second-year ball carrier was the most efficient of Green Bay's RBs, and he could continue to see an early-down role if MarShawn Lloyd remains inefficient. Still, Atlanta has allowed 127 rushing yards to running backs through two weeks, a top-10 mark, which could make Johnson's job tough even if he's the Packers' go-to on the ground.",1.25439492,0.02527241,7.90129155,6.96800301,8.0076758,7.4895269,0.0,0.0,0.0,0.0,0.0,0.0,0.0,0.0,0.0,0.0,0.0,0.0,kaleb johnson,11,7.591624315,4,2.0,1.6,2.6057049648040493,0.0,4.0,0.0,0.135,,7.591624315,5.929651198268016,0.0,14.0,-85.62791206906377,-1.6619731167319838,204,52,181
Pat Bryant,WR,DEN,380,170.55,ACTIVE,"Pat Bryant fell back to earth after a promising season opener, failing to catch his only target in the Broncos' Week 2 win over the Jaguars. Quarterback Bo Nix made it a priority to get Jaylen Waddle going, and there wasn't much volume available for anyone else. Bryant gained 16 rushing yards on his only carry, but the No. 3 role in the Denver passing game doesn't figure to offer consistent production, and Bryant could face a challenge for the job once Marvin Mims overcomes a foot injury. Bryant will face a Rams secondary in Week 3 that's allowed just 19 receptions to WRs through two weeks, tied for seventh in the NFL, but three of them have gone for touchdowns.",5.23681141,7.22446756,5.76675661,5.8277671,5.90726434,5.62341211,6.05682127,5.95020861,5.99048375,0.0,5.94257318,5.59557901,6.19447096,5.67659099,5.86184037,6.28659379,5.71478379,5.98860906,pat bryant,10,5.885367562857142,14,2.0,4.8999999999999995,6.108074517150935,3.5,0.5,0.12835249042145586,0.625,,5.885367562857142,5.959603214288406,0.0,14.0,-86.40845904181558,0.07423565143126432,205,80,175
Colby Parkinson,TE,LAR,448,170.09,QUESTIONABLE,"Colby Parkinson has had a quiet start to the season heading into the Rams' Week 3 matchup versus Denver. Parkinson logged just one catch Week 1 and followed that with a 2-15-0 receiving line on Monday Night Football. Meanwhile, fellow TE Terrance Ferguson put up a 6-54-1 line, proving that there's room for players at the position to thrive with QB Matthew Stafford -- though who that tight end is could vary on a week-to-week basis. Denver was burned by Travis Kelce for 71 yards in Week 1 but held Jaguars TEs to just 24 receiving yards in Week 2.",4.48163933,8.41147774,4.12003663,4.22924958,4.53705848,4.41723255,4.28342787,4.36219908,4.43794687,4.39298444,0.0,4.34636404,4.34601176,4.30529812,4.42845477,4.12632722,4.32348278,4.16213717,colby parkinson,11,4.332576727857143,14,2.0,2.55,3.415238210975205,2.0,0.0,0.07037037037037039,0.74,,4.332576727857143,4.02679722222983,0.3,13.7,-86.77526125941007,-0.3057795056273127,206,39,242
Justice Hill,RB,BAL,289,169.33,ACTIVE,"Justice Hill and the Ravens travel to face a Cowboys defense in Week 3 that ranks 25th in fantasy points per game (25.9) allowed to running backs. He tallied two carries for six yards and caught both of his targets for eight yards during Baltimore's 24-17 Week 2 loss to the Saints. As long as Derrick Henry, who accounted for 16 of 18 carries out of the backfield, is healthy, Hill's action will be limited as the No. 2 RB. However, in a contest that is expected to be high-scoring, Hill could contribute as a receiver, but he's still a risky fantasy play outside of deeper leagues.",7.14656141,7.65448873,6.6568914,6.65859625,6.59693184,6.49796137,6.59245635,6.65516447,6.6798179,6.56814984,6.70371891,6.30494447,0.0,6.55944899,6.34985732,6.6061541,6.48616446,6.45732666,justice hill,13,6.565446976428572,14,2.0,3.8,4.3576962658189675,1.5,4.0,0.055316091954023,0.46499999999999997,,6.565446976428572,5.829530072892037,0.0,14.0,-87.02960782432746,-0.7359169035365349,207,53,82
Dyami Brown,WR,WSH,991,169.96,ACTIVE,"Dyami Brown tied for second on the Commanders last game with six targets. That led to four catches for 21 yards in the 37-20 loss to Dallas. Unfortunately, starting quarterback Jayden Daniels only played a half due to injury, so veteran backup Marcus Mariota will likely start in Week 3 versus a devastating Seattle defense. The Seahawks are allowing just 8.5 points per game thus far in 2026, which is second in the league. Seattle is also allowing the fewest passing yards per contest at 124.5 per tilt. None of this appears to be a recipe for success for Brown and the rest of the Washington offense.",4.26472595,5.13300223,5.91234316,6.36286998,6.25657838,6.10704968,0.0,5.88837346,5.85983552,6.01802172,6.09275438,6.13671757,6.00771131,5.83091686,6.14236572,5.70519648,6.06032657,6.13912657,dyami brown,7,6.027218627857144,14,2.0,2.05,7.006688365120286,4.0,0.0,0.12271805273833664,0.54,,6.027218627857144,5.845411857055936,0.0,14.0,-88.00713804307016,-0.18180677080120766,208,81,783
Mack Hollins,WR,NE,422,169.96,ACTIVE,"Mack Hollins will seek a bounce back performance in Week 3 when the Patriots face the Jaguars. After a solid four catch, 51-yard opener with A.J. Brown leaving early, Hollins notched only two targets in Week 2. New England's passing game is struggling with Drake Maye completing just 14 passes in Week 2. Until he begins to bounce back, trusting any of his pass catchers appears a risky proposition even against a defense that is allowing a generous 10.3 yards per target.",3.65856642,8.92773401,8.79336233,9.07618882,8.77821178,8.5433175,4.60122319,4.6328393,4.58281625,4.70688586,0.0,4.53091701,4.78220296,4.39749807,4.50265089,4.40001706,4.3631652,4.67713767,mack hollins,11,5.763664015714285,14,2.0,6.449999999999999,5.94968299004408,3.5,0.0,0.1282642089093701,0.705,,5.763664015714285,5.825670340490883,0.0,14.0,-88.28351927498089,0.06200632477659784,209,82,213
Emmett Johnson,RB,KC,345,168.49,ACTIVE,"Emmett Johnson logged only four touches as Kenneth Walker's primary backup in Kansas City's Week 2 overtime win over the Colts, as the fifth-round rookie continues to get his feet wet in the NFL. Johnson also saw a little work as a kickoff returner as the team looks to find ways to get the ball in his hands. As long as Walker is healthy, Johnson's workload will remain limited, but he's flashed some big-play potential in the early going with 64 receiving yards on just four catches. He'll face a Dolphins defense in Week 3 that's been more vulnerable through the air than on the ground so far in 2026, allowing 3.5 yards per carry, which ranks sixth in the league.",2.87948371,6.46681531,6.11777365,5.81221855,0.0,5.83635646,5.338482,5.42511616,5.82484003,5.89990251,6.17013318,5.84622372,5.41074531,5.70809772,5.7409203,5.71710943,5.67686822,5.9771734,emmett johnson,5,5.751770517142857,14,2.0,7.15,5.694811506919697,2.0,5.0,0.0632558139534884,0.27,,5.751770517142857,5.732784180401803,0.0,14.0,-88.38405031919073,-0.018986336741053655,210,54,135
Calvin Ridley,WR,TEN,210,170.38,ACTIVE,"Calvin Ridley has drawn just two targets through two games in Tennessee's underwhelming passing game. The Titans don't have a player with more than 80 receiving yards heading into a Week 3 road game against the Giants, so Ridley's fantasy value is slim to none as a depth piece behind Carnell Tate and Wan'Dale Robinson. The Giants have struggled to defend WRs, but Ridley is unlikely to get enough passes thrown his way to capitalize on facing the banged-up Giants secondary.",8.0704973,6.38875487,6.3812,6.1860166,6.13579584,6.52072833,6.27533226,6.35166911,0.0,6.53443776,6.41631525,6.41721484,6.70635028,6.53089816,6.63638514,6.31218341,6.10447276,6.01417285,calvin ridley,9,6.393499981428572,14,1.0,5.5,3.4808708352254727,2.0,0.0,0.117647058823529,0.63,,6.393499981428572,5.810974152187952,0.0,14.0,-88.48926591122193,-0.5825258292406197,211,83,-1
Xavier Legette,WR,CAR,330,170.08,ACTIVE,"Xavier Legette is expected to play a depth role in Carolina's receiving corps in the Week 3 matchup against the Browns. Legette had a solid Week 2 performance after putting up a goose egg in Week 1, catching two of four targets for 64 yards. The third-year pro remains firmly behind Tetairoa McMillan and Jalen Coker in Carolina's receiving corps, as the two have combined for 26 receptions, 380 yards and a touchdown through two weeks. However, Legette could take advantage of a Cleveland secondary that's allowed 10.0 yards per target to opposing WRs heading into Week 3.",5.95548625,5.61995872,5.67345613,6.14824746,0.0,5.59070596,5.94058886,5.82816328,5.53783986,5.78262054,5.81434523,5.82792405,5.50619648,5.8978956,5.97343561,5.52285714,5.53655935,6.07590092,xavier legette,5,5.755773967857143,14,2.0,4.2,5.348363170233945,3.0,0.0,0.09191176470588235,0.515,,5.755773967857143,5.619970368649411,0.0,14.0,-91.16331888076151,-0.13580359920773244,212,84,118
Jonnu Smith,TE,GB,1017,169.88,ACTIVE,,3.56508393,4.34976484,3.38034508,3.32901955,3.38596237,3.42047975,3.34827106,3.32380261,3.17362657,3.1415344,0.0,3.14797165,3.23544545,3.43495532,3.37764386,3.28901412,3.17411137,3.37872856,jonnu smith,11,3.2972987971428567,14,1.0,7.0,5.56685573063709,3.0,0.0,0.075,0.345,,3.2972987971428567,3.751210183841703,0.0,14.0,-92.53366799960466,0.45391138669884645,213,40,804
Josh Oliver,TE,MIN,1025,169.89,ACTIVE,"Josh Oliver will aim to stay involved in Minnesota's passing game against Tampa Bay in Week 3. Oliver stayed active in a low-scoring Week 2 win against the Bears, reeling in his sole target for a 24-yard gain. The supplementary tight end has now amassed three catches for 46 yards off five targets in his first two outings. He'll take on a New York defense that's allowed a third-lowest 6.0 PPR points per game to TEs so far this season.",2.23605244,3.98691045,3.31495645,3.42983166,3.29094805,0.0,3.42326351,3.39489547,3.48339311,3.30095107,3.3039396,3.35726721,3.36872471,3.22180308,3.4245798,3.42903493,3.1887776,3.36084265,josh oliver,6,3.3523118749999994,14,2.0,3.8,4.395671907344831,2.5,0.0,0.1132723112128147,0.625,,3.3523118749999994,3.7000985524482766,0.0,14.0,-93.24923083911264,0.3477866774482772,214,41,811
Jauan Jennings,WR,MIN,298,170.48,ACTIVE,"Jauan Jennings will hopefully return to action as the Vikings travel to Tampa Bay in Week 3. Jennings sat out in Week 2 due to personal reasons, so his practice availability this upcoming week should dictate whether he plays at the Bucs. The former 49ers wideout has yet to record a catch this season, but he played almost 50 percent of the offensive snaps in Week 1. He'll face a Bucs defense that's allowed 24.9 PPR points per game against wide receivers so far this season, a top-10 mark.",6.65318947,0.0,6.14960528,6.46032083,6.10013928,0.0,6.40805919,6.33082258,6.53225521,6.13011558,6.11657301,6.30305509,6.31083665,5.94605193,6.41742157,6.44399038,5.90240251,6.29798316,jauan jennings,6,6.253689220714286,14,1.0,0.0,1.979420995430731,1.0,0.0,0.0434782608695652,0.48,,6.253689220714286,5.398835575657574,0.0,14.0,-94.25920598264722,-0.8548536450567115,215,85,83
Cooper Kupp,WR,SEA,325,166.45,QUESTIONABLE,"Cooper Kupp has so far had a quiet campaign heading into Seattle's Week 3 matchup versus Washington. Kupp has logged just two receptions in each of the Seahawks' first two games, registering 55 yards across the four total catches. He ranks third on the team with five targets, trailing Jaxon Smith-Njigba (22) and Rashid Sheheed (nine). As those numbers suggest, Smith-Njigba is dominating looks again this season, so Kupp and Shaheed may be left to compete for scraps throughout the campaign. With that said, there may be lots of receptions to go around against the Commanders, who have given up 27 catches to wideouts through two weeks -- tied for third-most in the NFL.",6.76696024,6.93626817,5.87202603,5.74978491,5.7112306,5.37177646,5.73979458,5.80417799,5.86494244,5.65194499,0.0,5.66526081,5.86414386,5.7694803,5.54307555,5.57895741,5.7701074,5.51333369,cooper kupp,11,5.711193095,14,2.0,4.75,4.321238815175186,2.5,0.0,0.10096153846153845,0.605,,5.711193095,5.247875001725062,0.3,13.7,-94.30752571732305,-0.4633180932749372,216,86,109
Cole Kmet,TE,CHI,467,169.17,ACTIVE,"Cole Kmet remains a depth option as the Bears play the Eagles in Week 3. Even though Kmet played more offensive snaps in Week 2 (69 percent) than in Week 1 (57 percent), he garnered just one target and was unable to catch it. Still, young tight end Colston Loveland has yet to do much this year, which could keep a veteran presence like Kmet relevant. He'll face a Philly defense that's allowed the fewest PPR fantasy points per game to tight ends this season (5.1).",3.1316908,3.84112214,3.61978126,3.56208479,3.66555959,3.69828337,3.60265733,3.47362069,3.69754179,0.0,3.67105988,3.76372823,3.76425134,3.7756258,3.83194131,3.68990689,3.79790771,3.49586219,cole kmet,10,3.686710712857143,14,2.0,5.75,3.94509967464918,2.0,0.0,0.07435897435897415,0.6299999999999999,,3.686710712857143,3.621926752116309,0.0,14.0,-94.34363604376017,-0.06478396074083381,217,42,250
Darnell Washington,TE,PIT,450,168.79,ACTIVE,,4.49440881,4.66790732,3.74762287,3.57722776,3.84679567,3.69339152,3.68521784,3.61901622,0.0,3.70668079,3.5767769,3.51720603,3.58546558,3.75976984,3.69110067,3.78441857,3.69810236,3.64262917,darnell washington,9,3.6777709014285707,14,2.0,2.75,3.457627128069123,2.0,0.0,0.0540540540540541,0.585,,3.6777709014285707,3.604389643642088,0.0,14.0,-94.58915556239927,-0.07338125778648275,218,43,232
Isaac TeSlaa,WR,DET,362,169.66,ACTIVE,"Isaac TeSlaa will seek to stay involved as the Lions play the Jets in Week 3. TeSlaa recorded his first catches of the season against the Bills in Week 2, reeling in two of five targets for 26 yards. While his final stat line was still modest, the second-year receiver's five targets are promising. With that being said, he still hasn't done enough to be considered more than a depth option, especially against a New York defense that's been tougher on wide receivers so far this year.",4.24197489,4.96501154,5.27303405,5.46042686,5.50867125,0.0,5.44769538,5.21113602,5.5582279,5.28138054,5.44694666,5.50450971,5.45353563,5.44457075,5.14937185,5.46912345,5.44850074,5.38733908,isaac teslaa,6,5.404080770714286,14,2.0,2.3,5.2512498551772415,3.0,0.0,0.0786099865047233,0.7150000000000001,,5.404080770714286,5.353137132201938,0.0,14.0,-94.89898419102613,-0.050943638512348066,219,87,143
Ty Johnson,RB,BUF,323,169.83,ACTIVE,,0.0,0.0,5.25725679,5.1761249,4.96913201,5.22419944,0.0,5.14255381,4.977351,5.1055486,5.54802053,5.21540031,5.07214456,5.14158475,5.43889902,4.95806146,5.44699665,5.21004961,ty johnson,7,5.190948130714285,14,,,,,,,,,5.190948130714285,5.190948130714285,0.0,14.0,-95.96975501481599,0.0,220,55,103
Dawson Knox,TE,BUF,462,169.04,ACTIVE,,3.78234312,4.01116555,4.03354377,3.93897732,3.90526036,3.96195862,0.0,4.0074658,3.84853971,3.86846342,4.09566523,4.01949304,3.91668198,3.99282672,4.03799496,3.83329132,4.08601258,3.88782924,dawson knox,7,3.967583916428572,14,2.0,5.1,2.5513740366138524,1.5,0.0,0.05357142857142855,0.7150000000000001,,3.967583916428572,3.4955139564903326,0.0,14.0,-96.11341518252384,-0.4720699599382394,221,44,241
Chris Rodriguez Jr.,RB,JAX,179,168.41,ACTIVE,"Chris Rodriguez has notched just six rushing attempts in each of his first two games with the Jaguars. He's averaging a paltry 3.0 yards per carry and has yet to earn a target in the passing game, where Rodriguez has been a non-factor his entire NFL career. Bhayshul Tuten has 28 carries this season and is the clear lead back for the Jaguars. Rodriguez isn't an advisable fantasy play in Week 3 against a Patriots defense that's allowing a minuscule 8.0 points per game.",5.77016193,4.87937145,4.32506878,4.20415236,4.00467199,4.0740397,0.0,4.70228984,3.86834101,4.44958856,4.47960933,4.71264508,4.57845563,4.32134794,3.94818532,4.21637757,4.84796607,4.43997592,chris rodriguez,7,4.338052798571429,14,2.0,1.7999999999999998,4.051502537607491,0.0,6.0,0.0,0.31,6.7,5.519026399285714,5.029851778726306,0.0,14.0,-98.22510394264769,0.6917989801548776,222,56,-43
Jerry Jeudy,WR,CLE,208,168.74,ACTIVE,"Jerry Jeudy and the Browns host the Panthers in Week 3, whose defense allowed just 145 yards through the air in Week 2. He failed to corral his lone target during Cleveland's upset win over the Buccaneers in Week 2, giving him a 2-26-0 receiving line on five targets through two games. Meanwhile, rookies Denzel Boston and KC Concepcion combined for 123 yards and one TD while catching 11 of 13 targets, and they look to be the leaders in the WR room. It will be difficult to start any of them until the Browns' offense consistently proves it can sustain any fantasy-relevant players.",8.13861186,7.09465661,5.70683887,5.29729059,5.29889472,5.49422709,5.53579863,5.20446158,5.46046991,5.32910802,0.0,5.57955117,5.63274771,5.70990894,5.53850079,5.39463778,5.78062277,5.53403998,jerry jeudy,11,5.49736132642857,14,2.0,2.3,4.2241255001184825,2.5,0.0,0.10757575757575764,0.61,,5.49736132642857,5.072949384325208,0.0,14.0,-98.82161266130035,-0.4244119421033625,223,88,-15
Drew Sample,TE,CIN,475,169.92,ACTIVE,,2.86789794,2.70749789,2.71573582,2.91967332,2.93456424,0.0,2.80589456,2.87539136,2.89178651,2.75698611,2.94475644,2.85619668,2.76138593,2.86747865,2.88215085,2.93252182,2.84903301,2.78842411,drew sample,6,2.856682521428571,14,1.0,4.9,5.058188725510074,3.0,0.0,0.0882352941176471,0.63,,2.856682521428571,3.2969837622448717,0.0,14.0,-98.89283790196029,0.4403012408163005,224,45,251
Samaje Perine,RB,CIN,199,169.67,ACTIVE,"Samaje Perine and the Bengals travel to take on the division-rival Steelers in Week 3. After dealing with an illness that forced him to miss two days of practice, he was active in Week 2 and recorded two carries for six yards and caught his lone target for 16 yards during Cincinnati's win over the Texans. With backfield mate Chase Brown handling 23 total touches, Perine's limited involvement on offense makes him a solid fantasy insurance policy, but nothing more. Pittsburgh's defense ranks 28th in rushing yards (233) and 29th in receiving yards allowed (97) to RBs.",5.91752143,5.45151203,4.62079394,4.95428563,5.14656981,0.0,4.54382257,5.07031803,5.04584947,4.79688022,5.04469389,4.971311,4.87101364,4.82943524,5.03389384,4.96734585,4.71254465,5.03906492,samaje perine,6,4.900625555714286,14,2.0,5.6,5.109082674268684,2.0,3.5,0.060246679316888055,0.34,,4.900625555714286,4.970111261899086,0.0,14.0,-99.06147117822879,0.06948570618479977,225,57,-26
Antonio Williams,WR,WSH,337,169.65,ACTIVE,"Antonio Williams snagged all three of his targets for 24 yards in the 37-20 loss to the Cowboys last game. Williams has seven catches for 98 yards and a touchdown through hsi first two NFL contests. Unfortunately, starting quarterback Jayden Daniels only played a half due to injury, so veteran backup Marcus Mariota will likely start in Week 3 versus a devastating Seattle defense. The Seahawks are allowing just 8.5 points per game thus far in 2026, which is second in the league. Seattle is also allowing the fewest passing yards per contest at 124.5 per tilt. None of this appears to be a recipe for success for Williams and the rest of the Washington offense.",5.37750287,6.02785678,5.15589514,5.540798,5.44797677,5.33909391,0.0,5.14230344,5.14877544,5.23437425,5.3250526,5.3319155,5.20275228,5.08113568,5.35170807,4.99957072,5.2591787,5.32458101,antonio williams,7,5.254323607142857,14,2.0,10.899999999999999,5.927272225030994,3.5,0.0,0.11308316430020306,0.43,,5.254323607142857,5.040348628057124,0.0,14.0,-99.27802324905352,-0.21397497908573282,226,89,111
Ja'Kobi Lane,WR,BAL,294,169.86,INJURY_RESERVE,,7.09084816,0.0,0.0,0.0,0.0,0.0,0.0,0.0,0.0,0.0,0.0,0.0,0.0,0.0,0.0,0.0,0.0,0.0,jakobi lane,13,,0,1.0,2.1,5.071963735072558,3.0,0.0,0.125,0.4,,,1.0143927470145115,5.0,9.0,-100.05518930377507,,227,90,67
Tyquan Thornton,WR,KC,338,169.6,ACTIVE,"Tyquan Thornton produced strong numbers in Kansas City's Week 2 overtime win over the Colts, hauling in all four of his targets for 86 yards. The fifth-year speedster is at best fifth in the pecking order for looks from Patrick Mahomes, but his role as a deep option gives Thornton some big-play potential in the right matchup, even on limited volume. He'll face a Dolphins defense in Week 3 that's given up five passing TDs through two games, but only one to a wide receiver.",4.2639716,5.00891371,5.29369201,5.08761276,0.0,5.18429523,4.8152826,4.80545887,5.01337794,5.18999886,5.30784699,5.3503648,4.92140544,5.13505846,5.03613873,5.12989384,5.11381927,5.15758514,tyquan thornton,5,5.0988747000000005,14,2.0,6.3,4.754513605428172,2.5,0.0,0.06651162790697675,0.635,,5.0988747000000005,4.984087668476057,0.0,14.0,-100.06567668318846,-0.1147870315239432,228,91,110
Chris Bell,WR,MIA,335,170.12,QUESTIONABLE,"Chris Bell will look for a breakout opportunity in Week 3 when the Dolphins host the Chiefs. He has drawn only three targets through two weeks, resulting in one catch and a declining snap share, playing just 40% of offensive plays last week. A potential absence from Caleb Douglas (ankle) could elevate Bell to a WR2 role in a struggling offense that often throws while playing from behind. Kansas City's pass defense has been stingy, but should Douglas sit, Bell would be an intriguing high-upside option if chasing points in Week 3.",7.28390701,6.95135094,5.74823127,5.39365125,5.81117647,0.0,5.4970791,5.6086795,5.96227209,5.86725765,5.98058875,5.57899728,5.34682331,5.85164898,5.69445424,5.78699945,6.06597311,5.5239164,chris bell,6,5.728130889285715,14,2.0,1.75,2.7077351503150164,1.5,0.0,0.05877616747181965,0.46499999999999997,,5.728130889285715,4.721332309628815,0.3,13.7,-101.52116059904162,-1.0067985796568992,229,92,106
Theo Johnson,TE,NYG,465,169.84,ACTIVE,,3.76936254,2.90265852,2.8920103,2.95540114,2.96241534,2.87147777,2.75723267,0.0,2.785541,2.98878711,2.94845917,2.94909864,2.87400258,2.70472507,2.80278773,2.94449744,2.91420329,2.81710817,theo johnson,8,2.8821885178571427,14,2.0,0.95,4.808963849010532,2.5,0.0,0.07974137931034485,0.37,,2.8821885178571427,3.101513326185947,0.0,14.0,-101.62942400678526,0.2193248083288042,230,46,235
Jaylin Noel,WR,HOU,230,170.33,ACTIVE,"Jaylin Noel could see extra opportunities in Week 3 if Texans WR Nico Collins (hamstring) misses a second consecutive game against the Colts. Noel has just three catches this season, but two of them have exceeded 30 yards. The 2025 third-round pick's big-play ability makes him a viable deep-league option in Week 3 against a Colts defense that has allowed the most points and yards in the NFL through two games. Xavier Hutchinson, Kayshon Boutte, and Jared Wayne are the other healthy options in Houston's WR room.",7.70575762,8.99390586,3.94163201,3.93174379,3.82369311,3.89517784,3.91504768,0.0,3.80992186,3.73054635,4.00917175,3.78587364,3.66170227,3.95534434,3.92863493,3.6918725,3.81306924,3.88741644,jaylin noel,8,3.849530807857143,14,2.0,6.35,6.369533442303598,3.5,0.5,0.07702702702702705,0.44999999999999996,,3.849530807857143,4.689531686005961,0.0,14.0,-104.1894604377698,0.840000878148818,231,93,-1
Jack Bech,WR,LV,395,169.99,ACTIVE,"Jack Bech has been unable to escape a supporting role in the Raiders' offense to begin his second NFL season. Through two games, the 2025 second-round pick has a 5-48-1 line on just six targets, volume that will make it very difficult to make a consistent impact. Bech had to watch journeyman Cody White come off the practice squad and catch two red-zone TDs in a Week 2 win over the Chargers, and the impending return of Brock Bowers will bump everyone else down a rung in the pecking order for looks. Bech seems unlikely to break out in Week 3 against a Saints secondary that ranks in the middle of the pack in terms of volume allowed to wide receivers so far, but which has given up three TDs to the position in two games.",6.21389445,6.83277811,4.74359513,4.82227619,4.63268517,5.09713483,4.32587789,4.27206314,4.3825757,4.22125115,4.13936854,4.30059401,0.0,4.51975375,4.21421165,4.52634605,4.57725842,4.40647147,jack bech,13,4.483927972857143,14,2.0,7.9,4.997261185028939,3.0,0.0,0.10344827586206914,0.47000000000000003,,4.483927972857143,4.655039043581074,0.0,14.0,-104.67235743171821,0.1711110707239314,232,94,163
Erick All Jr.,TE,CIN,449,169.91,ACTIVE,"Erick All Jr. and the Bengals travel to face the division-rival Steelers in Week 3. After not recording a target in the season opener, All tallied two catches on three targets for five yards in the Week 2 win over Houston. He was on the field for 24 offensive snaps compared to 21 for starter Mike Gesicki, but that trend will have to consistently continue for him to even be considered in fantasy formats. With Ja'Marr Chase and Tee Higgins accounting for 19 of Joe Burrow's 31 Week 2 pass attempts, it's going to be hard to trust anyone outside of those two in the passing game, especially against Pittsburgh's second-ranked defense in fantasy points allowed per game (5.5) to TEs.",4.17294376,2.23828284,2.17851612,2.34363082,2.3580627,0.0,2.24925855,2.31048359,2.32306036,2.21285212,2.3641762,2.29261382,2.2169001,2.30064968,2.31292182,2.35250141,2.28501305,2.24035562,erick all,6,2.2929028814285712,14,1.0,2.5,5.036994266963115,3.0,0.0,0.0967741935483871,0.365,,2.2929028814285712,2.84172115853548,0.0,14.0,-105.26651435389178,0.5488182771069088,233,47,216
Adam Trautman,TE,DEN,1026,169.92,ACTIVE,,2.21104808,2.35260929,2.25033381,2.28036588,2.3055281,2.20518959,2.34746582,2.31425961,2.32427775,0.0,2.30266356,2.20449294,2.38879123,2.21787788,2.28125247,2.42498639,2.23904059,2.32740709,adam trautman,10,2.2918946871428574,14,1.0,3.0,5.036994266963115,3.0,0.0,0.111111111111111,0.51,,2.2918946871428574,2.840914603106909,0.0,14.0,-105.27780612989177,0.5490199159640516,234,48,792
Keaton Mitchell,RB,LAC,190,170.09,ACTIVE,"Keaton Mitchell has taken a clear backseat to Omarion Hampton in the Chargers' backfield to begin the season, getting 10 touches to his teammate's 37 through two games. Mitchell has yet to do much to earn a larger role, averaging just 3.7 yards per carry, although he does have a 15-yard gain on his only catch. Hampton has lost a fumble in each game so far in 2026, and these ball security issues could open the door for Mitchell to get more involved. If he does see more volume in Week 3, Mitchell could hit paydirt against a Bills defense that's allowed four touchdowns to RBs so far, two on the ground and two through the air.",6.21004102,8.0204673,5.03853283,4.58185578,4.82839122,4.8359621,0.0,4.65289746,4.89212406,4.72623159,5.06203269,4.96945244,4.8999817,5.03790822,4.93747584,5.32072835,4.99135488,4.66958854,keaton mitchell,7,4.91249494,14,2.0,2.9000000000000004,3.6946933915565467,0.5,4.5,0.01923076923076925,0.28,,4.91249494,4.506561090518849,0.0,14.0,-105.5511735775521,-0.4059338494811513,235,58,-45
Omar Cooper Jr.,WR,NYJ,309,170.01,INJURY_RESERVE,,5.65688627,0.0,0.0,0.0,0.0,0.0,0.0,0.0,0.0,0.0,0.0,0.0,0.0,0.0,0.0,0.0,0.0,0.0,omar cooper,13,,0,1.0,4.0,1.590967735203916,1.0,0.0,0.0434782608695652,0.07,,,0.3181935470407832,5.0,9.0,-106.32098210353861,,236,95,73
Chris Brooks,RB,GB,324,170.21,ACTIVE,"Chris Brooks should continue to stay involved as the Packers play the Falcons in Week 3. Brooks was a non-factor on the ground against the Jets in Week 2 (four carries for 11 yards), but he did reel in his first catch of the season for 15 yards. The fourth-year running back should remain on the field for passing-situation plays moving forward, especially since he served that role last season even with Josh Jacobs on the field. He'll face an Atlanta defense that's been tough on RBs so far this season, allowing a top-10 16.3 PPR points per game.",7.75064044,9.63284887,7.3074913,6.86470016,7.3799023,7.18908437,2.6402307,2.73373184,2.48847407,2.50318879,0.0,2.41481735,2.56201065,2.67672007,2.78834758,2.65291474,2.52263638,2.70899748,chris brooks,11,3.9088750214285715,14,2.0,3.25,5.487373476962602,1.5,5.5,0.04698275862068965,0.51,,3.9088750214285715,4.435041173273248,0.0,14.0,-106.55245241899051,0.5261661518446767,237,59,87
Eli Raridon,TE,NE,476,169.94,QUESTIONABLE,,2.54187412,3.16446663,2.8594617,2.93566573,2.80667666,2.73273403,2.81305511,2.86975384,2.81026202,2.87732593,0.0,2.79821583,2.93969342,2.69076964,2.78248962,2.69168765,2.67532586,2.88662092,eli raridon,11,2.8059369314285716,14,2.0,5.6,1.9312461355425279,1.0,0.0,0.039938556067588296,0.37,,2.8059369314285716,2.5143733327998903,0.3,13.7,-107.49546854460026,-0.2915635986286813,238,49,238
Austin Hooper,TE,ATL,1007,169.91,ACTIVE,,2.29349406,0.51252788,1.55734225,1.54546424,1.55793693,1.58398352,1.56323766,1.55832442,1.57028908,1.56647198,0.0,1.48399385,1.61482773,1.50874969,1.60709306,1.57195809,1.55982062,1.5738184,austin hooper,11,1.56067808,14,1.0,4.0,7.040250576796287,4.0,0.0,0.129032258064516,0.33,,1.56067808,2.6565925793592573,0.0,14.0,-107.85831446235889,1.0959144993592573,239,50,768
Dylan Sampson,RB,CLE,189,170.37,INJURY_RESERVE,,5.01577441,0.0,0.0,0.0,0.0,0.0,0.0,0.0,0.0,0.0,0.0,0.0,0.0,0.0,0.0,0.0,0.0,0.0,dylan sampson,11,,0,1.0,0.0,-0.2858901808028343,0.0,0.0,0.0,0.0,,,-0.05717803616056686,5.0,9.0,-108.92797801139824,,240,60,-51
Andrei Iosivas,WR,CIN,383,169.87,OUT,"Andrei Iosivas and the Bengals are on the road for a Week 3 meeting versus the Steelers. He caught his only target for seven yards during Cincinnati's Week 2 victory, and it looks like that could be his norm moving forward. Iosivas played 54% of offensive snaps after playing 61% in the season opener. He's clearly behind Ja'Marr Chase and Tee Higgins in the receiver pecking order and thus should remain on waiver wires in Week 3 against Pittsburgh's second-ranked passing defense.",4.00697973,4.7961198,0.0,0.0,0.0,0.0,0.0,4.05143532,4.07441361,3.82329544,4.12900059,3.99297693,3.84461984,3.99106323,4.02963715,4.084355,3.94378237,3.91518348,andrei iosivas,6,3.9964579480000006,10,2.0,2.45,3.234352420081533,2.0,0.0,0.060246679316888055,0.5700000000000001,,3.9964579480000006,3.742422772027178,1.0,13.0,-109.05977200251043,-0.25403517597282255,241,96,142
Darnell Mooney,WR,NYG,409,170.39,ACTIVE,"Darnell Mooney led the Giants in receiving last game.  Unfortunately, Mooney managed just 48 yards on two catches in the 28-6 loss to the Rams. The bigger news is that starting quarterback Jaxson Dart could be lost for the season due to a knee injury. With Jameis Winston under center, Mooney will likely see his stock take a hit. However, in Week 3, the Giants will face a lackluster Titans defense allowing 233.5 passing yards per clash, which is 20th in the league.",5.86804713,5.40658754,4.95068642,5.0748255,5.05543035,4.89924465,4.64383681,0.0,4.68873854,5.12677002,5.01706536,5.01310476,4.87749486,4.55346744,4.79063069,5.01753495,4.93935688,4.76537405,darnell mooney,8,4.903441945,14,2.0,5.75,4.298828050162101,2.5,0.0,0.08135775862068964,0.645,,4.903441945,4.3150289116,0.0,14.0,-109.43249927945325,-0.5884130334000002,242,97,167
Germie Bernard,WR,PIT,300,169.94,ACTIVE,"Germie Bernard and the Steelers host the Bengals for a Week 3 divisional showdown. With Michael Pittman (foot) on the sidelines last Sunday, the rookie stepped into the No. 3 receiver role behind DK Metcalf and Roman Wilson. Bernard caught four of eight targets for 35 yards in the 20-3 loss, seemingly earning the trust of Aaron Rodgers rather quickly. He led the team in yardage, was second in targets, and tied for second in receptions. Bernard faces Cincinnati's 9th-ranked defense in fantasy points allowed (25.0) to WRs and should be considered a roster stash until we see this type of performance consistently.",6.80735013,5.61780898,2.08690529,1.97184527,2.13430059,2.02342465,2.03371773,2.00698111,0.0,2.05222917,1.96023787,1.9436983,1.97300319,2.05971699,2.01770895,2.11637592,2.03410146,1.97926418,germie bernard,9,2.029589035,14,1.0,7.5,13.40094098452607,8.0,0.0,0.216216216216216,0.41500000000000004,,2.029589035,4.303859424905214,0.0,14.0,-109.58887209318026,2.2742703899052144,243,98,57
Tank Bigsby,RB,PHI,222,168.89,ACTIVE,"Tank Bigsby had 15 touches and a touchdown in Week 2 versus the Titans after Saquon Barkley suffered a stinger injury. Saquon missed portions of the game due to the ailment, leaving his status in question for Week 3 versus the Bears. Barkley is slated to undergo an MRI to determine if he will miss any time. Bigsby and Will Shipley would likely split touches if Barkley cannot go, with Bigsby getting the slight edge. The Eagles will face a Bears run defense in Week 3 allowing 122 yards per clash on the ground, which is 22nd in the league.",4.45828959,3.34869061,3.40383981,3.06300339,3.22338768,3.60757759,3.33478184,3.40741404,3.50935894,0.0,3.190029,3.1532289,3.43302362,3.49363036,2.98991829,3.11534111,2.96267867,3.3211708,tank bigsby,10,3.2776580885714286,14,2.0,6.050000000000001,5.912176170325123,1.0,7.0,0.02941176470588235,0.225,,3.2776580885714286,4.1558307824893275,0.0,14.0,-110.4613978899654,0.8781726939178989,244,61,-22
Elijah Arroyo,TE,SEA,463,169.76,ACTIVE,,4.0209415,2.98860851,2.5698437,2.51855124,2.50388052,2.36688491,2.51355693,2.5330425,2.55748737,2.47365681,0.0,2.49021503,2.5656723,2.5243097,2.44335327,2.44316487,2.52241782,2.42090818,elijah arroyo,11,2.5018597835714287,14,1.0,2.7,1.9418433648160074,1.0,0.0,0.0384615384615385,0.215,,2.5018597835714287,2.389856499820344,0.0,14.0,-111.59261957590368,-0.11200328375108448,245,51,218
Noah Gray,TE,KC,470,169.67,ACTIVE,,3.34403589,3.55768759,2.640417,2.53408294,0.0,2.58892046,2.41705056,2.41500275,2.48367773,2.58061952,2.6345408,2.6788984,2.46398148,2.56650563,2.51213296,2.56660272,2.56431973,2.55838641,noah gray,5,2.5461966200000004,14,2.0,0.75,1.8146766135342536,1.0,0.0,0.0316279069767442,0.525,,2.5461966200000004,2.3023566178447514,0.0,14.0,-112.81761792356198,-0.24384000215524892,246,52,224
Mike Washington Jr.,RB,LV,197,169.37,ACTIVE,"Mike Washington hasn't seen much action to begin his NFL career, getting 10 carries through the Raiders' first two games and turning them into 48 yards. He also failed to bring in his only target. Ashton Jeanty is locked into the top spot in the backfield and has 54 touches, third in the league behind only Jahmyr Gibbs and Kenneth Walker, and unless he gets hurt, Washington's workload figures to be limited. The rookie will look to take advantage of the chances he does get in Week 3 against a Saints defense that ranks in the bottom four in rushing yards and rushing TDs allowed to RBs so far in 2026.",7.4346668,3.82814336,3.70987635,3.73371731,3.54670686,3.93838376,3.40728981,3.52391561,3.33081433,3.34426081,3.25835877,3.64237142,0.0,3.62611955,3.43280676,3.83099787,3.79438745,3.39340626,mike washington,13,3.580000475714286,14,2.0,2.4,4.214794395151088,0.5,5.0,0.01724137931034485,0.19,,3.580000475714286,3.7915984488598866,0.0,14.0,-115.56065056077757,0.2115979731456008,247,62,-50
Kevin Coleman Jr.,WR,MIA,384,170.08,ACTIVE,"Kevin Coleman remains without a catch through two games as the Dolphins get set to host the Chiefs. Coleman logged a higher snap share than Chris Bell, and both roles could be elevated if Caleb Douglas (ankle) is unable to play. Miami has completed only 29 passes through two weeks, and the passing game seems unlikely to sustain even a second receiver in a matchup against a Kansas City secondary that's allowing a mere 6.2 yards per target.",4.88068436,4.27307813,3.98277717,3.77656129,4.04632468,0.0,3.8327544,3.90216104,4.15528681,4.0701396,4.14197077,3.88787424,3.74837807,4.08485724,3.95219408,4.01398216,4.20243871,3.84668802,kevin coleman,6,3.9855500185714283,14,1.0,0.0,3.436049305199302,2.0,0.0,0.0740740740740741,0.375,,3.9855500185714283,3.875649875897003,0.0,14.0,-115.58380577929523,-0.10990014267442527,248,99,136
John Bates,TE,WSH,1046,169.95,ACTIVE,,1.93113201,4.16943032,1.46654585,1.58151591,1.55211165,1.52065328,0.0,1.47010195,1.45306577,1.50032029,1.51111115,1.52479994,1.49497494,1.45573392,1.51900598,1.42367532,1.51538018,1.52588336,john bates,7,1.4992140092857142,14,1.0,3.3,5.185355476791828,3.0,0.0,0.103448275862069,0.4,,1.4992140092857142,2.0575269185639824,0.0,14.0,-116.24523371349275,0.5583129092782682,249,53,797
Sione Vaki,RB,DET,407,169.92,ACTIVE,"Sione Vaki should remain Detroit's low-usage RB2 in Week 3 against the Jets. Vaki logged one carry for seven yards and caught one pass for 13 yards against the Bills in Week 2, showcasing that the secondary running back for the Lions is a graveyard role this year. The third-year ball carrier is still on pace to log career-high numbers given his small role so far in his career, but he's nothing more than a depth option with Jahmyr Gibbs healthy.",2.16412047,5.61628433,4.34936592,4.47252011,4.48027326,0.0,4.34457292,4.19182337,4.56228983,4.21804051,4.34614446,4.58135915,4.39940634,4.48060621,4.06580818,4.54333345,4.45131666,4.22024165,sione vaki,6,4.391918597857142,14,2.0,2.9,2.1855425185914434,1.0,1.5,0.0259784075573549,0.22999999999999998,,4.391918597857142,3.656459904768576,0.0,14.0,-117.45259017805591,-0.735458693088566,250,63,157
Olamide Zaccheaus,WR,ATL,1051,169.94,ACTIVE,"Olamide Zaccheaus is expected to play a depth role in the Falcons' receiving corps during the Week 3 matchup against the Packers. Zaccheaus played 29 offensive snaps in the Week 2 loss to the Panthers -- which is 11 more than he did in Week 1. However, this didn't lead to an increase in production, as he caught just one of three targets for three yards. Zaccheaus could benefit from the return of quarterback Michael Penix in Week 3, but he'll likely have to find the end zone to be fantasy relevant. Additionally, he could struggle against a Packers defense that's given up just 5.4 yards per pass attempt this season, the fifth-best mark in the NFL.",1.65180564,3.24900737,3.92433449,3.88656382,3.91775495,4.02325922,3.93701791,3.92069887,3.96584468,3.95221522,0.0,3.71044152,4.10508811,3.78837667,4.07387291,3.97218017,3.93990466,3.97852424,olamide zaccheaus,11,3.936968085714285,14,2.0,1.4,3.1671201250422767,2.0,0.0,0.07470288624787774,0.365,,3.936968085714285,3.680352098823615,0.0,14.0,-118.31797465832264,-0.25661598689066967,251,100,800
Will Kacmarek,TE,MIA,1021,169.95,ACTIVE,,2.38305534,2.28101007,1.83615032,1.73186444,1.85100287,0.0,1.75393189,1.79206371,1.8955313,1.87866368,1.91141921,1.77338787,1.71943579,1.86067263,1.81961049,1.84906757,1.93176915,1.77126716,will kacmarek,6,1.8288979228571427,14,2.0,0.7,1.7298987793464176,1.0,0.0,0.0402576489533011,0.36,,1.8288979228571427,1.7958982083535677,0.0,14.0,-119.90803565643854,-0.03299971450357497,252,54,769
Travis Hunter,WR,JAX,187,156.87,ACTIVE,"Travis Hunter didn't have a target or carry in Week 2 and has played only a handful of snaps on offense for the Jaguars this season. He's off the fantasy radar heading into a Week 3 home game against the Patriots, outside of IDP formats that reward Hunter's contributions as a cornerback. Parker Washington, Brian Thomas, and Jakobi Meyers should continue to lead Jacksonville's wide receiver room.",0.0,2.75142082,3.45109139,3.50809134,3.40192872,3.36944079,0.0,3.64579571,3.39508513,3.49026313,3.51322936,3.54684508,3.56610156,3.39989785,3.3396651,3.51800431,3.65891978,3.5867138,travis hunter,7,3.4860256607142857,14,,,,,,,0.085,,3.4860256607142857,3.4860256607142857,0.0,14.0,-121.03854479185327,0.0,253,101,-66
Tyler Higbee,TE,LAR,472,169.81,ACTIVE,,2.83792913,2.93384188,1.06378493,1.09448742,1.17839844,1.14464037,1.10745971,1.12996282,1.15120421,1.13829293,0.0,1.12485532,1.125305,1.1148494,1.14831032,1.06540231,1.11976783,1.07440025,tyler higbee,11,1.1219086435714285,14,1.0,1.2,3.542404962256959,2.0,0.0,0.0740740740740741,0.23,,1.1219086435714285,1.6060079073085347,0.0,14.0,-122.56649987106903,0.4840992637371062,254,55,218
Emari Demercado,RB,DAL,360,169.76,ACTIVE,"Emari Demercado continues to play backup to Javonte Williams following the Malik Davis injury, but Demercado has had a marginal role through the first two games for Dallas. Demercado has five carries for a combined 15 yards behind Williams. Even if he receives a few extra touches, Demercado will have a difficult time finding room in Week 3 versus Baltimore. The Ravens are allowing just 83.5 rushing yards per tilt, which is sixth in the NFL.",4.84812109,5.54588337,3.78773399,3.76572167,4.06347857,3.89784867,3.72018044,4.40151582,4.11436037,3.93095086,4.27226209,3.8867841,3.62701527,0.0,3.66904867,4.11470874,4.31965367,4.19872187,emari demercado,14,3.969375923571429,14,2.0,0.75,1.521356785201468,0.0,2.5,0.0,0.125,,3.969375923571429,3.1533695441147755,0.0,14.0,-124.49585522720912,-0.8160063794566534,255,64,105
Jonah Coleman,RB,DEN,175,166.19,QUESTIONABLE,"Jonah Coleman didn't see the ball in his NFL debut during the Broncos' opener, but his role increased in Week 2's win over the Jaguars due to RJ Harvey's hamstring strain. Coleman ended up getting more touches than J.K. Dobbins, with the 2026 fourth-round pick turning 10 carries into 39 yards and his first career touchdown while also catching all three of his targets for 19 yards. It's not clear how much time Harvey might miss, but Coleman's solid showing in his first opportunity could begin the process of turning the backfield into a three-man committee, with the workload dependent on whoever happens to be healthy. Coleman could be a risky play in Week 3 against a Rams defense that just saw the return of Aaron Donald in Week 2 and has yet to allow a rushing TD this year.",4.13733676,6.27223277,1.70128633,1.69908566,1.73589967,1.67576849,1.82796645,1.76130799,1.81899953,0.0,1.81493327,1.6946698,1.90788769,1.7202044,1.76838602,1.83667792,1.70106164,1.78099611,jonah coleman,10,1.7617239185714284,14,2.0,7.4,5.307240209925948,1.5,5.0,0.0517241379310345,0.23,,1.7617239185714284,2.943562682356268,0.3,13.7,-124.70244090700335,1.1818387637848395,256,65,-81
Will Shipley,RB,PHI,357,169.81,ACTIVE,"Will Shipley managed nine touches for 29 yards in Week 2 versus the Titans after Saquon Barkley suffered a stinger injury. Saquon missed portions of the game due to the ailment, leaving his status in question for Week 3 versus the Bears. Barkley is slated to undergo an MRI to determine if he will miss any time. Shipley and Tank Bigsby would likely split touches if Barkley cannot go, with Bigsby getting the slight edge, as the latter had 15 touches and a touchdown to outpace Shipley. In Week 3, the Eagles will face a Bears run defense allowing 122 yards per clash on the ground, which is 22nd in the league.",1.75338309,2.17807298,2.2089778,2.0918332,2.17104199,2.24285121,2.19866105,2.2120161,2.2236341,0.0,2.10998478,2.15488362,2.20423206,2.24313476,2.04052996,2.09349526,2.08124123,2.17939344,will shipley,10,2.1626083657142856,14,2.0,3.5500000000000003,5.081777911348243,1.5,4.5,0.052139037433155094,0.345,,2.1626083657142856,3.1356648809256047,0.0,14.0,-124.74372051185752,0.9730565152113191,257,66,100
Troy Franklin,WR,DEN,981,169.87,ACTIVE,,2.34006604,4.00722135,3.11777101,3.11629078,3.14519504,3.02636686,3.22555619,3.1724278,3.21340784,0.0,3.20556933,3.01255509,3.28323879,3.07145561,3.1585485,3.32692575,3.06796967,3.19299408,troy franklin,10,3.1530913042857143,14,2.0,2.1,3.26952044765741,1.5,0.5,0.053001277139208144,0.27,,3.1530913042857143,3.1919010187429464,0.0,14.0,-125.15628977945201,0.038809714457232136,258,102,723
Bryce Lance,WR,NO,1012,169.85,ACTIVE,"Bryce Lance is expected to remain the Saints' No. 3 wideout in the Week 3 matchup against the Raiders. Despite playing 78 percent of New Orleans' offensive snaps in the Week 2 win over the Ravens, Lance drew just one target. He remains far behind Chris Olave and Devaugh Vele in the team's receiving corps, with his role likely diminishing further once Jordyn Tyson (hamstring) returns from IR. However, Lance, who ran a 4.34 40-yard dash, could find success against a Raiders secondary that's allowed 12.3 yards per completion this season.",3.95234924,4.55404,3.83590534,3.89449298,3.66296161,3.78784334,3.62856636,0.0,1.57243293,1.65367153,1.62935398,1.61069462,1.62236114,1.62957106,1.58818552,1.66043841,1.62407981,1.6124193,bryce lance,8,2.3857541878571427,14,2.0,4.5,4.209184990109759,2.5,0.0,0.05408653846153845,0.74,,2.3857541878571427,2.9935644552746816,0.0,14.0,-127.93300166800772,0.607810267417539,259,103,753
Najee Harris,RB,NYG,232,169.13,ACTIVE,,0.0,0.0,3.39621672,3.54301329,3.33352305,3.29749091,2.86229287,0.0,2.82396085,3.51696662,3.24164523,3.24545717,3.06434597,2.74147704,3.40029286,3.25987926,3.09244077,2.9997241,najee harris,8,3.201357329285714,14,1.0,0.6,2.6057049648040493,0.0,4.0,0.0,0.14,,3.201357329285714,2.897293245006018,0.0,14.0,-128.08092341473173,-0.304064084279696,260,67,-28
Kyle Williams,WR,NE,980,169.88,ACTIVE,"Kyle Williams hopes for more opportunities in Week 3 as the Patriots face the Jaguars. Rising up the depth chart with A.J. Brown on IR, Williams still only recorded a 21% snap share, registering two targets and a 10-yard catch in Week 2 where New England completed only 14 passes. Williams has big-play potential, but the passing game isn't operating at a high enough level to sustain a No. 4 WR despite facing a defense that's allowing 10.3 yards per target.",3.3160518,4.63760641,5.20194967,5.37028079,5.17288638,5.0268348,2.95283097,3.019453,2.95100454,3.02671995,0.0,2.9076427,3.08989222,2.80474546,2.88838292,2.8125928,2.77808999,3.05933871,kyle williams,11,3.5716647278571423,14,2.0,1.0,1.703021560269343,1.0,0.0,0.0476190476190476,0.185,,3.5716647278571423,2.9487836719945424,0.0,14.0,-128.55993263392966,-0.6228810558625999,261,104,719
Kyle Juszczyk,RB,SF,1002,169.66,ACTIVE,,2.55700746,2.75421861,2.61244304,2.50641543,2.48560178,2.62717005,2.56711437,0.0,2.5407035,2.63324442,2.48879753,2.48973079,2.59373106,2.52087109,2.58934192,2.58076461,2.55736805,2.60213529,kyle juszczyk,8,2.5566641171428572,14,,,,,,,0.475,,2.5566641171428572,2.5566641171428572,0.0,14.0,-132.84973120481598,0.0,262,68,740
Elijah Higgins,TE,ARI,1011,169.87,ACTIVE,,2.54824111,0.98603676,1.04158934,1.05671539,1.09108458,1.01271825,1.00589466,1.0691472,0.99499347,1.02506045,1.04668094,1.0962829,1.03500718,0.0,1.02331568,1.04356547,1.05324987,1.05518488,elijah higgins,14,1.042521812857143,14,1.0,0.0,-0.061412945017164544,0.0,0.0,0.0,0.265,,1.042521812857143,0.8217348612822815,0.0,14.0,-133.54632251543654,-0.2207869515748615,263,56,748
Joshua Palmer,WR,BUF,982,169.36,ACTIVE,"Joshua Palmer will look to make another chunk play for the Bills in Week 3 against the Chargers. Palmer has just two catches on the year, but they've gone for 34- and 43-yard touchdowns. The Chargers are allowing 10.8 yards per target to wideouts, the third highest through two weeks, so while volume isn't likely, Palmer could still contribute.",4.22022619,3.69165569,2.62681181,2.56800689,2.55577222,2.59485538,0.0,2.58948901,2.5078545,2.52636646,2.66269133,2.61473979,2.5461945,2.59946508,2.65445485,2.49328624,2.64720785,2.54654,joshua palmer,7,2.5847997078571434,14,,,,,,,,,2.5847997078571434,2.5847997078571434,0.0,14.0,-133.65570813185323,0.0,264,105,718
Marvin Mims Jr.,WR,DEN,382,169.99,QUESTIONABLE,,3.41284627,0.0,2.90197122,2.90404236,2.94697754,2.84489658,3.06694824,2.9839466,3.03690026,0.0,3.03080915,2.85495571,3.17031554,2.89263011,2.97356253,3.12336117,2.86814033,3.00330506,marvin mims,10,2.9713898100000007,14,1.0,0.0,-0.015065674651891826,0.0,0.0,0.0,0.18,,2.9713898100000007,2.374098713069622,0.3,13.7,-133.67826087190255,-0.5972910969303786,265,106,117
George Holani,RB,SEA,350,169.93,QUESTIONABLE,"George Holani may be asked to take on a bigger offensive role for Seattle in a Week 3 matchup against the Commanders. Jadarian Price suffered a shoulder injury late in a Week 2 win against Arizona, and if he isn't able to suit up versus Washington, Holani would figure to see more work, though Emanuel Wilson would presumably take over No. 1 RB duties. As it is, Holani has gotten involved on offense in each of Seattle's contests so far, combining to produce 42 yards on 12 carries and two yards on one reception. The Commanders have been decimated through the air this season, but they haven't surrendered a rushing touchdown so far.",5.99336664,8.0531557,3.16780958,2.3002649,2.29210926,2.19414161,0.00626805,0.00543179,0.00513043,0.00570764,0.0,0.00688163,0.00672487,0.00545113,0.006315,0.00669257,0.00596729,0.00710587,george holani,11,0.7153496964285716,14,2.0,2.7,5.415922541628662,1.0,6.0,0.0400641025641026,0.36,,0.7153496964285716,2.2822073114952683,0.3,13.7,-133.76300948779902,1.5668576150666969,266,69,84
Devontez Walker,WR,BAL,1003,169.85,ACTIVE,"Devontez Walker and the Ravens travel to take on the Cowboys in Week 3. The third-year receiver hauled in one of two targets for 47 yards in Baltimore's Week 2 loss, good for third on the team in receiving yards. Rashod Bateman (7-88-1) filled in admirably for Zay Flowers, who sat out with a hamstring injury, but there's a high chance of the latter making his return to the field in Week 3. Walker's fantasy upside remains limited in a run-heavy offense, however, despite a potential shootout in Dallas.",0.0,5.82844833,2.1715591,2.13724987,2.14597269,2.05633613,2.1555782,2.22062684,2.17520634,2.14525219,2.15041797,2.0358924,0.0,2.1401764,2.02280186,2.07731258,2.13221521,2.04497183,devontez walker,13,2.126185555714286,14,1.0,5.7,3.9739076655133534,2.0,0.0,0.0689655172413793,0.29,,2.126185555714286,2.4957299776740998,0.0,14.0,-134.90268435441584,0.36954442195981363,267,107,736
Cade Stover,TE,HOU,1044,169.96,ACTIVE,,2.19200315,2.28084009,0.50912458,0.50811608,0.49371388,0.50644506,0.50106304,0.0,0.49531073,0.47715287,0.5141328,0.49380163,0.47140879,0.51134614,0.50894303,0.47960589,0.49245695,0.49817483,cade stover,8,0.497330105,14,1.0,0.8,1.6027320280646635,1.0,0.0,0.027027027027027,0.2,,0.497330105,0.7184104896129326,0.0,14.0,-134.99286371880746,0.2210803846129326,268,57,776
Ameer Abdullah,RB,JAX,437,170.04,ACTIVE,,1.74009839,0.0333201,1.8523571,1.84492014,1.80282709,1.80625487,0.0,1.9623995,1.7752504,1.87555119,1.90514749,1.92315166,1.92413723,1.85417968,1.78289044,1.86368718,1.97430483,1.91400137,ameer abdullah,7,1.8676470571428572,14,2.0,3.25,3.3593659021485744,1.0,3.5,0.04166666666666665,0.095,,1.8676470571428572,2.364886672144763,0.0,14.0,-135.53461543478932,0.4972396150019056,269,70,168
Seth McGowan,RB,IND,355,170.01,ACTIVE,"Seth McGowan is locked in as the little-used backup to workhorse Colts RB Jonathan Taylor, having beaten out DJ Giddens (knee) for the No. 2 spot on the depth chart. McGowan has just two carries and one target through two games. With Taylor healthy for a Week 3 home game against the AFC South rival Texans, McGowan remains a non-factor in fantasy.",2.94508376,2.74126181,2.58888811,2.83155807,2.52700345,2.7930676,2.48501879,2.62682161,2.7440849,2.93569127,2.48465706,2.82404568,0.0,2.47055054,2.68636803,2.71122483,2.66791719,2.72499689,seth mcgowan,13,2.6697783664285715,14,2.0,0.5,1.0512250602978943,0.5,1.0,0.01724137931034485,0.08499999999999999,,2.6697783664285715,2.1302605977183457,0.0,14.0,-138.81938047675914,-0.5395177687102257,270,71,85
Malik Benson,WR,LV,979,169.94,ACTIVE,,5.43988748,3.30372462,1.74854235,1.76714786,1.69831449,1.85803105,1.61473353,1.60712699,1.61488767,1.57056628,1.55293825,1.63013638,0.0,1.67343929,1.59013079,1.69893429,1.71035019,1.61763101,malik benson,13,1.6668056721428572,14,2.0,0.4,3.224698917631239,1.5,0.5,0.0517241379310345,0.115,,1.6668056721428572,2.1861034206389847,0.0,14.0,-139.23745615290747,0.5192977484961274,271,108,708
Kaytron Allen,RB,WSH,403,170.05,QUESTIONABLE,,0.84920803,1.95320197,1.10233788,1.28593514,1.3423084,1.08129603,0.0,1.10946852,1.10323113,1.22269064,1.22202162,1.27373873,1.21423281,1.131837,1.33446292,1.05877995,1.12421935,1.21660994,kaytron allen,7,1.1861828657142859,14,2.0,2.0,2.96715435800491,0.0,4.5,0.0,0.09,,1.1861828657142859,1.708646428618714,0.3,13.7,-141.62079358320784,0.5224635629044281,272,72,131
Tyrone Tracy Jr.,RB,NYG,351,169.72,ACTIVE,,2.46041865,0.38931675,0.02736827,0.02963896,0.03313529,0.0329068,0.03482935,0.0,0.03556197,0.03107183,0.03387567,0.03592909,0.03632078,0.03703751,0.02687918,0.03828164,0.03968914,0.03350152,tyrone tracy,8,0.03375182,14,2.0,-0.3,0.43700860559888666,0.0,1.0,0.0,0.025,5.4,2.71687591,1.8395049333543179,0.0,14.0,-142.88995977785552,1.8057531133543179,273,73,78
LeQuint Allen Jr.,RB,JAX,349,170.05,QUESTIONABLE,,0.02576575,2.10508165,1.67935433,1.69920466,1.67993957,1.6693341,0.0,1.76323124,1.68913601,1.70507552,1.72501093,1.71486953,1.72102976,1.67598864,1.66340537,1.7318275,1.76095527,1.75181533,lequint allen,7,1.7055973164285714,14,1.0,0.0,1.2145169178414914,1.0,0.0,0.0357142857142857,0.08499999999999999,,1.7055973164285714,1.6073812367111553,0.3,13.7,-143.00812671234138,-0.09821607971741608,274,74,75
KaVontae Turpin,WR,DAL,394,169.6,ACTIVE,"KaVontae Turpin did not even garner a target last game for Dallas. Turpin continues to be utilized largely in the return game. Meanwhile Ryan Flournoy is the clearcut No. 3 wideout behind CeeDee Lamb and George Pickens. In Week 3, Dallas hosts the Baltimore Ravens. Baltimore is allowing just 191 passing yards per contest, which is 12th in the NFL.",3.3239415,3.06353798,2.13584303,2.1199192,2.23164633,2.17941765,2.1076901,2.34797698,2.26528303,2.19430497,2.28674691,2.16564957,2.05695732,0.0,2.09764086,2.25473715,2.30393865,2.28634158,kavontae turpin,14,2.196267982142857,14,2.0,0.9500000000000001,1.2526230125617017,0.5,0.5,0.01666666666666665,0.115,,2.196267982142857,1.8817196589491385,0.0,14.0,-143.49882881656532,-0.3145483231937185,275,109,119
Ollie Gordon II,RB,MIA,316,169.99,ACTIVE,"Ollie Gordon's workload could increase if Jaylen Wright misses the Dolphins' Week 3 game against the Chiefs. Despite being No. 3 on the depth chart, Gordon has outsnapped Wright behind Miami's workhorse, De'Von Achane. Kansas City allowed stud Jonathan Taylor to rush for two scores in Week 2 but kept Denver's backs under control in Week 1. Barring an injury to Achane, it's difficult to envision a path to meaningful production for Gordon.",2.15347395,1.9160495,1.55662803,1.40581588,1.6229196,0.0,1.53713987,1.55955898,1.73581632,1.61883258,1.55970309,1.64362385,1.37447126,1.77829739,1.50444433,1.5899395,1.6629177,1.45576871,ollie gordon,6,1.5821505985714286,14,1.0,0.7,1.8828061784023284,0.0,3.0,0.0,0.13,,1.5821505985714286,1.6422817145376087,0.0,14.0,-145.65108484128947,0.06013111596618015,276,75,40
Nicholas Singleton,RB,TEN,387,170.04,ACTIVE,,0.0,0.0,1.41518974,1.17183956,1.30197888,1.4007122,1.50885675,1.3107333,0.0,1.40421106,1.31402119,1.30143793,1.56422802,1.40903811,1.50618351,1.39859909,1.34741474,1.20008033,nicholas singleton,9,1.3824602914285717,14,1.0,1.0,2.6057049648040493,0.0,4.0,0.0,0.11,,1.3824602914285717,1.627109226103667,0.0,14.0,-145.86349967936465,0.2446489346750953,277,76,110
Jaylen Wright,RB,MIA,314,169.84,QUESTIONABLE,"Jaylen Wright's role is limited in the Dolphins' backfield entering a Week 3 matchup with the Chiefs. He has logged just seven snaps through two games and is now dealing with a stinger issue that makes him uncertain to play. With no clear immediate path to touches, Wright is an insurance policy in a matchup against a defense allowing 4.0 yards per carry.",2.88599113,2.00698373,1.6334644,1.49709744,1.69229132,0.0,1.61997566,1.64101662,1.80540805,1.69937876,1.63054114,1.71838654,1.47572947,1.84762033,1.58022877,1.66156603,1.72541902,1.5453234,jaylen wright,6,1.6591516821428574,14,2.0,0.5,0.7984579987997471,0.0,1.5,0.0,0.060000000000000005,,1.6591516821428574,1.372253787695154,0.3,13.7,-146.2293727638606,-0.2868978944477034,278,77,36
Zachariah Branch,WR,ATL,307,169.91,ACTIVE,"Zachariah Branch is expected to play a depth role in Atlanta's WR room in the Week 3 matchup against the Packers. Branch played just 13 offensive snaps in the Week 2 loss to the Panthers -- which is five less than he logged in Week 1. It appears as if the rookie wideout's primary role is a return man, as he's operated as Atlanta's top punt returner this season. Branch's role could grow as the season progresses, but he's unlikely to find fantasy relevance in Week 3. Additionally, the Packers' defense has given up just 175 passing yards per game this season, making it an unfavorable matchup.",4.23771308,3.65596371,1.65743303,1.64760744,1.6454619,1.72760249,1.66612415,1.65204278,1.6869082,1.66409764,0.0,1.59202189,1.73281115,1.63276498,1.71408775,1.67819155,1.67479441,1.69499422,zachariah branch,11,1.6694249542857145,14,2.0,1.7,1.4789139101384885,1.0,0.0,0.03225806451612905,0.25,,1.6694249542857145,1.6059212729033057,0.0,14.0,-147.360006221207,-0.0635036813824088,279,110,28
Ashton Dulin,WR,IND,1054,169.97,QUESTIONABLE,,2.31883495,0.0,1.72408708,1.84247473,1.69295846,1.80347149,1.6768063,0.75655335,0.77872874,0.82340405,0.72362766,0.78737322,0.0,0.72024661,0.76665866,0.77313047,0.7553051,0.77617352,ashton dulin,13,1.1160589942857142,14,1.0,0.0,1.5312056951690214,1.0,0.0,0.0344827586206897,0.19,,1.1160589942857142,1.1990883344623757,0.3,13.7,-149.77590305882185,0.08302934017666153,280,111,774
Demond Claiborne,RB,MIN,401,170.03,ACTIVE,"Demond Claiborne is set to be a secondary option at running back once again as the Vikings travel to Tampa Bay in Week 3. Claiborne did not log a carry as one of Aaron Jones' backups against the Bears in Week 2, but he did reel in his single target for two yards. Still, the rookie running back will remain a depth pick against a Buccaneers defense that's allowed a middle-of-the-pack 19.5 PPR points per game to RBs.",0.0,3.10384852,1.38811776,1.48924574,1.39963245,0.0,0.0,0.0,0.0,0.0,0.0,0.0,0.0,0.0,0.0,0.0,0.0,0.0,demond claiborne,6,1.4256653166666666,3,1.0,1.2,0.715897570889922,1.0,0.0,0.0526315789473684,0.04,,1.4256653166666666,1.2837117675113177,0.0,14.0,-150.67106409965754,-0.14195354915534897,281,78,120
Kendre Miller,RB,NO,398,169.97,ACTIVE,,5.95327178,0.0,0.0,0.0,0.0,0.0,0.0,0.0,0.0,0.0,0.0,0.0,0.0,0.0,0.0,0.0,0.0,0.0,kendre miller,8,,0,1.0,9.0,6.220198896812654,0.0,9.0,0.0,0.29,,,1.2440397793625309,0.0,14.0,-151.22647193374056,,282,79,116
Cyrus Allen,WR,KC,423,169.85,ACTIVE,,2.94167529,2.04311147,1.07605258,1.02814544,0.0,1.05044245,0.96746073,0.96646499,1.0109871,1.05080186,1.07747248,1.08502031,0.98936172,1.03785162,1.01667503,1.03687116,1.03486035,1.04367698,cyrus allen,5,1.0306048442857143,14,1.0,0.0,1.6059082452126396,1.0,0.0,0.04,0.025,,1.0306048442857143,1.1456655244710994,0.0,14.0,-153.80358669925786,0.11506068018538507,283,112,140
Tory Horton,WR,SEA,396,170.02,ACTIVE,,0.0,2.07503408,1.1205759,1.10409417,1.09975548,1.03808753,1.10227494,1.12394053,1.12740275,1.09490705,0.0,1.09069546,1.12099938,1.10987477,1.06718977,1.08327231,1.11345018,1.06918934,tory horton,11,1.0997514442857141,14,,,,,,,0.31,,1.0997514442857141,1.0997514442857141,0.0,14.0,-154.44638382185326,0.0,284,113,112
Ray Davis,RB,BUF,231,169.19,ACTIVE,"Ray Davis has limited involvement in Buffalo's offense entering Week 3 against the Chargers. Through two weeks, Davis has logged one carry and no targets as James Cook's primary backup, making his only contribution on kick returns. Facing a defense that's allowing just 2.98 yards per carry and with no clear path to an uptick in opportunities, Davis is an insurance policy for Cook managers only.",5.1018565,3.28531342,1.41640067,1.39854341,1.3197052,1.41721076,0.0,1.370359,1.32884736,1.38176675,1.52953445,1.40311684,1.35637511,1.37560844,1.49918241,1.32132546,1.48551428,1.42490325,ray davis,7,1.4002492957142858,14,2.0,0.15,0.07555921239802615,0.0,0.5,0.0,0.115,,1.4002492957142858,0.9586859346088659,0.0,14.0,-155.22142576029188,-0.44156336110541994,285,80,-54
Tyler Badie,RB,DEN,435,170.03,ACTIVE,"Tyler Badie was inactive for the Broncos' opener but worked into the backfield mix during Week 2's win over the Jaguars thanks to RJ Harvey's hamstring strain. Working as the No. 3 running back behind J.K. Dobbins and rookie Jonah Coleman, Badie gained just one yard on his only carry but caught two of three targets for 28 yards. Dobbins also picked up a hamstring injury in the win, and while the issue isn't expected to keep him sidelined, the veteran RB's history of injuries makes any appearance on the injury report a cause for some concern. If Badie does see a bigger role in Week 3, he'll be facing a Rams defense that just saw the return of Aaron Donald in Week 2 and has yet to allow a rushing TD this year.",0.02260794,4.07026982,0.01070956,0.01101203,0.00999671,0.00991453,0.0088693,0.01003036,0.00954908,0.0,0.00847342,0.00888044,0.0072479,0.00880892,0.00913369,0.01053526,0.00970533,0.00933288,tyler badie,10,0.00949046642857143,14,1.0,4.9,3.9863202391697756,3.0,1.0,0.103448275862069,0.26,,0.00949046642857143,0.8048564209768122,0.0,14.0,-157.37503895114062,0.7953659545482408,286,81,149
Chimere Dike,WR,TEN,1023,169.91,ACTIVE,,2.38004972,1.52866566,0.92357021,0.85778748,0.9169449,0.93627707,0.9615165,0.89994133,0.0,0.92278912,0.90273307,0.89548352,0.97671472,0.901751,0.9650215,0.90983784,0.93451588,0.88931672,chimere dike,9,0.9217774385714286,14,2.0,0.85,0.7804807752716503,0.5,0.0,0.01785714285714285,0.06,,0.9217774385714286,0.8746785508048358,0.0,14.0,-157.59740433058556,-0.04709888776659277,287,114,736
Treylon Burks,WR,WSH,1000,169.98,ACTIVE,,0.0,0.0,0.47832829,0.51953262,0.51069367,0.49521144,0.0,0.47831613,0.47468209,0.4903282,0.49671623,0.50130093,0.48992924,0.47378602,0.50241065,0.46215223,0.49423865,0.50082422,treylon burks,7,0.4905447421428572,14,1.0,0.0,2.367874255657546,1.0,0.0,0.0294117647058824,0.3,,0.4905447421428572,0.7967297932581314,0.0,14.0,-158.6886869362394,0.3061850511152742,288,115,712
Hollywood Brown,WR,PHI,1047,169.82,ACTIVE,,0.0,0.0,0.72713428,0.68690569,0.7126868,0.74248644,0.7229191,0.73199559,0.73103088,0.0,0.68545397,0.70327332,0.72955309,0.74056033,0.66563581,0.68230489,0.67838616,0.71136138,hollywood brown,10,0.7100233107142858,14,,,,,,,,,0.7100233107142858,0.7100233107142858,0.0,14.0,-159.90257769185325,0.0,289,116,758
Isaiah Bond,WR,CLE,1039,169.91,ACTIVE,"Isaiah Bond and the Browns welcome the Panthers to town for a Week 3 tilt. He caught his lone target for 10 yards during Cleveland's shocking victory over Tampa Bay in Week 2. It appears rookie receivers Denzel Boston (5-95-1) and KC Concepcion (6-28-0), along with tight end Harold Fannin Jr. (5-54-0), will be the focal point of the passing game, leaving Bond and Jerry Jeudy as the odd men out. Bond can be left on waiver wires in all formats versus a Panthers defense allowing 30.3 fantasy points (T-15th) to WRs.",2.0204772,0.41240912,0.46319228,0.42922851,0.42840568,0.44443385,0.44923988,0.42051593,0.44143707,0.43145013,0.0,0.45304943,0.45659665,0.46436335,0.44891059,0.4352849,0.4695258,0.44765582,isaiah bond,11,0.44540243214285713,14,1.0,2.0,1.635789265230087,1.0,0.0,0.0333333333333333,0.10500000000000001,,0.44540243214285713,0.6834797987603031,0.0,14.0,-160.274186859209,0.23807736661744594,290,117,749
Kimani Vidal,RB,LAC,313,170.1,ACTIVE,,2.41712571,1.48922269,0.79020582,0.72404796,0.7499433,0.76032647,0.0,0.73590411,0.75955016,0.74904998,0.7717315,0.76812716,0.76559689,0.77594511,0.77109628,0.8113511,0.77591278,0.73372924,kimani vidal,7,0.7649134728571428,14,1.0,0.0,-0.2858901808028343,0.0,0.0,0.0,0.085,,0.7649134728571428,0.5547527421251475,0.0,14.0,-160.87649045506393,-0.21016073073199537,291,82,22
Jordan James,RB,SF,356,169.94,ACTIVE,,0.0,0.0,0.0,0.0,0.0,0.0,0.0,0.0,0.0,0.0,0.0,0.0,0.0,0.0,0.0,0.0,0.0,0.0,jordan james,8,,0,1.0,1.5,2.6057049648040493,0.0,4.0,0.0,0.15,,,0.5211409929608098,0.0,14.0,-161.34705494336464,,292,83,64
Sean Tucker,RB,TB,354,170.04,ACTIVE,,0.0,1.47585308,0.48100599,0.51338538,0.48077509,0.49048162,0.53463736,0.56404245,0.53085774,0.0,0.51478806,0.57230674,0.50647373,0.43190822,0.52526289,0.52689109,0.46629334,0.48867593,sean tucker,10,0.5099364071428572,14,,,,,,,0.0,,0.5099364071428572,0.5099364071428572,0.0,14.0,-161.50391914481597,0.0,293,84,61
Odell Beckham Jr.,WR,NYG,978,168.35,ACTIVE,"Odell Beckham has yet to catch a pass through two games for the Giants. The bigger news may be that starting quarterback Jaxson Dart could be lost for the season due to a knee injury. With Jameis Winston under center, Beckham will likely see his stock further take a hit. In Week 3, the Giants will face a lackluster Titans defense allowing 233.5 passing yards per clash, which is 20th in the league, though Beckham looks more like depth than anything else at this point.",4.59417219,2.49643637,0.58300571,0.60091825,0.58909589,0.57513183,0.53639249,0.0,0.54018772,0.6030223,0.58359191,0.58370787,0.56756161,0.52317606,0.56897606,0.5869904,0.56842003,0.55420869,odell beckham,8,0.5721555807142857,14,,,,,,,0.10500000000000001,,0.5721555807142857,0.5034969110285714,0.0,14.0,-162.79394728745325,-0.06865866968571432,294,118,684
Eli Heidenreich,RB,PIT,445,170.0,ACTIVE,,0.0,0.03813753,8.63826284,0.02050981,0.02443694,0.0246935,0.02450258,0.01885432,0.0,0.02612868,0.02580047,0.02336046,0.02347369,0.02610936,0.02576432,0.02275699,0.02089734,0.02741645,eli heidenreich,9,0.6389679499999998,14,2.0,0.0,-0.2858901808028343,0.0,0.0,0.0,0.02,,0.6389679499999998,0.33068190639905515,0.0,14.0,-164.0134821552292,-0.3082860436009447,295,85,150
Kene Nwangwu,RB,NYJ,408,170.02,QUESTIONABLE,,0.0,0.0,0.06968737,0.06029382,0.04856358,0.06233268,0.04810583,0.05520064,0.06794481,0.0671373,0.0640196,0.05192872,0.0,0.05909173,0.05749274,0.05851935,0.05830294,0.0709686,kene nwangwu,13,0.05918722214285715,14,,,,,,,,,0.05918722214285715,0.05918722214285715,0.3,13.7,-164.21838471192706,0.0,296,86,112
Bam Knight,RB,ARI,433,170.04,ACTIVE,,0.05119985,0.0,0.0,0.0,0.0,0.0,0.0,0.0,0.0,0.0,0.0,0.0,0.0,0.0,0.0,0.0,0.0,0.0,bam knight,14,,0,1.0,2.4,1.1599073920006076,0.0,2.0,0.0,,,,0.2319814784001215,0.0,14.0,-165.39528814721427,,297,87,136
Tahj Brooks,RB,CIN,400,170.0,ACTIVE,,1.09984982,0.02853079,0.02544919,0.02710252,0.02295845,0.0,0.0300676,0.0218966,0.02440707,0.0237599,0.02651015,0.02632739,0.02316085,0.02823376,0.02706058,0.02874526,0.02841544,0.02150533,tahj brooks,6,0.026006768571428574,14,1.0,0.0,-0.2858901808028343,0.0,0.0,0.0,0.025,,0.026006768571428574,-0.036372621303424,0.0,14.0,-169.15224554306394,-0.06237938987485257,298,88,102
Brashard Smith,RB,KC,328,169.81,ACTIVE,,3.25269851,0.00980903,0.01314024,0.01497851,0.0,0.01527724,0.01714449,0.01600039,0.01349719,0.01450672,0.01359295,0.01807348,0.01833428,0.01663306,0.01484792,0.01680036,0.01627301,0.01398808,brashard smith,5,0.01564998857142857,14,1.0,0.0,-0.2858901808028343,0.0,0.0,0.0,0.0,,0.01564998857142857,-0.044658045303424,0.0,14.0,-169.2682414790639,-0.060308033874852576,299,89,29
Isaiah Davis,RB,NYJ,347,170.02,ACTIVE,,3.0686154,0.0,0.0,0.0,0.0,0.0,0.0,0.0,0.0,0.0,0.0,0.0,0.0,0.0,0.0,0.0,0.0,0.0,isaiah davis,13,,0,1.0,0.0,-0.2858901808028343,0.0,0.0,0.0,0.0,,,-0.05717803616056686,0.0,14.0,-169.4435213510639,,300,90,47
Zavion Thomas,WR,CHI,1030,169.79,ACTIVE,,0.06609358,0.0,0.03483958,0.03077716,0.03678026,0.03288031,0.03359116,0.03837569,0.0334401,0.0,0.03424469,0.03961984,0.03521374,0.03003349,0.04031107,0.03474989,0.0375528,0.03555179,zavion thomas,10,0.03517212714285715,14,1.0,0.0,-0.015065674651891826,0.0,0.0,0.0,0.015,,0.03517212714285715,0.024119584112551058,0.0,14.0,-169.50522986427754,-0.011052543030306089,301,119,729
Dylan Laube,RB,LV,434,170.01,ACTIVE,,0.03152408,1.07986005,0.04561415,0.04601204,0.04476814,0.04808781,0.04878502,0.04118246,0.04999495,0.04560488,0.04525475,0.03790344,0.0,0.04327832,0.04256093,0.03588065,0.04142404,0.04862973,dylan laube,13,0.044025112857142855,14,2.0,0.0,-0.2858901808028343,0.0,0.0,0.0,0.14,,0.044025112857142855,-0.06594665169618286,0.0,14.0,-169.56628196856255,-0.10997176455332572,302,91,132
Jacob Saylors,RB,DET,348,170.0,ACTIVE,,4.87308229,0.03019198,0.02462125,0.0281284,0.02642886,0.0,0.02779945,0.02677874,0.02402633,0.02769582,0.02675162,0.02598674,0.02630379,0.02296462,0.02844098,0.02606424,0.02763884,0.02942375,jacob saylors,6,0.02640212,14,2.0,0.0,-0.2858901808028343,0.0,0.0,0.0,0.0,,0.02640212,-0.07769531360094477,0.0,14.0,-169.7307632352292,-0.10409743360094477,303,92,45
Rasheen Ali,RB,BAL,402,170.02,ACTIVE,,0.97853108,0.0,0.0,0.0,0.0,0.0,0.0,0.0,0.0,0.0,0.0,0.0,0.0,0.0,0.0,0.0,0.0,0.0,rasheen ali,13,,0,2.0,0.0,-0.2858901808028343,0.0,0.0,0.0,0.0,,,-0.0952967269342781,0.0,14.0,-169.97718302189588,,304,93,98
Tyson Bagent,QB,CHI,486,169.81,QUESTIONABLE,"Tyson Bagent is set to get the start for Chicago in Week 3 versus the Eagles. With Caleb Williams currently week-to-week with a hamstring injury and doubtful against Philly, Bagent is primed to get his first start since the 2023 season. The D2 product completed five of nine passes for 54 yards in the fourth quarter against the Vikings this past week after filling in for Williams, but he was unable to deliver a win for the Bears in the end. Bagent's most notable stats trail back to 2023, when he completed 94 of 143 passing attempts for 859 yards with three touchdowns and six interceptions across five games while filling in for Justin Fields. He'll face an Eagles offense that's allowed a middle-of-the-pack 20.6 fantasy points per game to quarterbacks across two games.",0.0,0.0,0.0,0.0,0.0,0.0,0.0,0.0,0.0,0.0,0.0,0.0,0.0,0.0,0.0,0.0,0.0,0.0,tyson bagent,10,,0,1.0,2.16,2.9898074603796476,0.0,0.0,0.0,0.14,,,0.5979614920759295,0.3,13.7,-231.07036674102528,,305,36,181
Mac Jones,QB,SF,458,169.81,ACTIVE,,0.44832818,0.0,0.0,0.0,0.0,0.0,0.0,0.0,0.0,0.0,0.0,0.0,0.0,0.0,0.0,0.0,0.0,0.0,mac jones,8,,0,1.0,-0.2,1.4016735990446763,0.0,2.0,0.0,0.15,,,0.28033471980893526,0.0,14.0,-240.57707659088786,,306,37,152
De'Zhaun Stribling,WR,SF,148,156.02,INJURY_RESERVE,,9.5943423,0.0,0.0,0.0,0.0,0.0,0.0,0.0,0.0,0.0,0.0,0.0,0.0,0.0,0.0,0.0,0.0,0.0,dezhaun stribling,8,,0,,,,,,,0.32,,,,5.0,9.0,,,307,120,-159
Tank Dell,WR,HOU,169,166.06,INJURY_RESERVE,,0.0,0.0,0.0,0.0,0.0,0.0,0.0,0.0,0.0,0.0,0.0,0.0,0.0,0.0,0.0,0.0,0.0,0.0,tank dell,8,,0,,,,,,,,,,,5.0,9.0,,,308,121,-139
Isiah Pacheco,RB,DET,173,166.11,INJURY_RESERVE,"Isiah Pacheco will remain sidelined in Week 3 as the Lions take on the Jets. Pacheco was placed on IR to start the season due to a back injury, and he recently underwent surgery. This puts the former Kansas City RB's return in jeopardy as the season progresses. He's currently expected to be back sometime in December, so Sione Vaki will handle any RB2 duties behind Jahmyr Gibbs.",0.0,0.0,0.0,0.0,0.0,0.0,0.0,0.0,0.0,0.0,0.0,0.0,0.0,0.0,0.0,0.0,0.0,0.0,isiah pacheco,6,,0,,,,,,,,,,,5.0,9.0,,,309,94,-136
Malik Davis,RB,DAL,329,169.91,INJURY_RESERVE,,0.0,0.0,0.0,0.0,0.0,0.0,0.0,0.0,0.0,0.0,0.0,0.0,0.0,0.0,0.0,0.0,0.0,0.0,malik davis,14,,0,,,,,,,,,,,5.0,9.0,,,310,95,19
Jalen Tolbert,WR,MIA,333,170.1,ACTIVE,,0.0,0.0,0.0,0.0,0.0,0.0,0.0,0.0,0.0,0.0,0.0,0.0,0.0,0.0,0.0,0.0,0.0,0.0,jalen tolbert,6,,0,,,,,,,,,,,0.0,14.0,,,311,122,22
DJ Giddens,RB,IND,404,170.05,ACTIVE,,0.0,0.0,0.0,0.0,0.0,0.0,0.0,0.0,0.0,0.0,0.0,0.0,0.0,0.0,0.0,0.0,0.0,0.0,dj giddens,13,,0,,,,,,,,,,,0.0,14.0,,,312,96,92
Tua Tagovailoa,QB,ATL,424,169.81,ACTIVE,,0.0,0.0,0.0,0.0,0.0,0.0,0.0,0.0,0.0,0.0,0.0,0.0,0.0,0.0,0.0,0.0,0.0,0.0,tua tagovailoa,11,,0,,,,,,,,,,,0.0,14.0,,,313,38,111
Shedeur Sanders,QB,CLE,430,169.52,ACTIVE,,0.53591891,0.0,0.0,0.0,0.0,0.0,0.0,0.0,0.0,0.0,0.0,0.0,0.0,0.0,0.0,0.0,0.0,0.0,shedeur sanders,11,,0,,,,,,,,,,,0.0,14.0,,,314,39,116
Adam Randall,RB,BAL,441,170.09,INJURY_RESERVE,,0.0,0.0,0.0,0.0,0.0,0.0,0.0,0.0,0.0,0.0,0.0,0.0,0.0,0.0,0.0,0.0,0.0,0.0,adam randall,13,,0,,,,,,,,,,,5.0,9.0,,,315,97,126
James Conner,RB,ARI,442,169.97,INJURY_RESERVE,,0.0,0.0,0.0,0.0,0.0,0.0,0.0,0.0,0.0,0.0,0.0,0.0,0.0,0.0,0.0,0.0,0.0,0.0,james conner,14,,0,,,,,,,,,,,5.0,9.0,,,316,98,126
Jake Tonges,TE,SF,447,169.97,INJURY_RESERVE,,2.06137462,0.0,0.0,0.0,0.0,0.0,0.0,0.0,0.0,0.0,0.0,0.0,0.0,0.0,0.0,0.0,0.0,0.0,jake tonges,8,,0,,,,,,,0.12,,,,5.0,9.0,,,317,58,130
J.J. McCarthy,QB,MIN,451,169.44,ACTIVE,,0.0,0.0,0.0,0.0,0.0,0.0,0.0,0.0,0.0,0.0,0.0,0.0,0.0,0.0,0.0,0.0,0.0,0.0,jj mccarthy,6,,0,,,,,,,,,,,0.0,14.0,,,318,40,133
Carson Beck,QB,ARI,452,169.91,ACTIVE,,0.0,0.0,0.0,0.0,0.0,0.0,0.0,0.0,0.0,0.0,0.0,0.0,0.0,0.0,0.0,0.0,0.0,0.0,carson beck,14,,0,,,,,,,,,,,0.0,14.0,,,319,41,133
Justin Fields,QB,KC,454,169.78,ACTIVE,,0.0,0.0,0.0,0.0,0.0,0.0,0.0,0.0,0.0,0.0,0.0,0.0,0.0,0.0,0.0,0.0,0.0,0.0,justin fields,5,,0,,,,,,,0.01,,,,0.0,14.0,,,320,42,134
Joe Flacco,QB,CIN,457,169.82,ACTIVE,,0.62728498,0.0,0.0,0.0,0.0,0.0,0.0,0.0,0.0,0.0,0.0,0.0,0.0,0.0,0.0,0.0,0.0,0.0,joe flacco,6,,0,,,,,,,0.0,,,,0.0,14.0,,,321,43,136
Jam Miller,RB,?,459,170.01,QUESTIONABLE,,,,,,,,,,,,,,,,,,,,jam miller,3,,0,,,,,,,,,,,0.3,13.7,,,322,99,137
Trey Benson,RB,ARI,460,169.97,INJURY_RESERVE,,0.0,0.0,0.0,0.0,0.0,0.0,0.0,0.0,0.0,0.0,0.0,0.0,0.0,0.0,0.0,0.0,0.0,0.0,trey benson,14,,0,,,,,,,,,,,5.0,9.0,,,323,100,137
Riley Nowakowski,RB,PIT,461,169.99,ACTIVE,,0.49320431,0.47583152,0.0,0.0,0.0,0.0,0.0,0.0,0.0,0.0,0.0,0.0,0.0,0.0,0.0,0.0,0.0,0.0,riley nowakowski,9,,0,,,,,,,0.075,,,,0.0,14.0,,,324,101,137
Ja'Tavion Sanders,TE,CAR,469,169.85,ACTIVE,,0.0,0.0,0.0,0.0,0.0,0.0,0.0,0.0,0.0,0.0,0.0,0.0,0.0,0.0,0.0,0.0,0.0,0.0,jatavion sanders,5,,0,,,,,,,,,,,0.0,14.0,,,325,59,144
Eli Stowers,TE,PHI,471,169.95,INJURY_RESERVE,,0.0,0.0,0.0,0.0,0.0,0.0,0.0,0.0,0.0,0.0,0.0,0.0,0.0,0.0,0.0,0.0,0.0,0.0,eli stowers,10,,0,,,,,,,,,,,5.0,9.0,,,326,60,145
Max Klare,TE,LAR,474,169.97,ACTIVE,,0.0,0.0,0.0,0.0,0.0,0.0,0.0,0.0,0.0,0.0,0.0,0.0,0.0,0.0,0.0,0.0,0.0,0.0,max klare,11,,0,,,,,,,0.0,,,,0.0,14.0,,,327,61,147
Ty Simpson,QB,LAR,477,169.9,ACTIVE,,0.0,0.0,0.0,0.0,0.0,0.0,0.0,0.0,0.0,0.0,0.0,0.0,0.0,0.0,0.0,0.0,0.0,0.0,ty simpson,11,,0,,,,,,,,,,,0.0,14.0,,,328,44,149
Anthony Richardson Sr.,QB,IND,480,169.96,ACTIVE,,0.53366034,0.0,0.0,0.0,0.0,0.0,0.0,0.0,0.0,0.0,0.0,0.0,0.0,0.0,0.0,0.0,0.0,0.0,anthony richardson,13,,0,,,,,,,,,,,0.0,14.0,,,329,45,151
Jalon Daniels,QB,TB,481,169.9,ACTIVE,,0.0,0.0,0.0,0.0,0.0,0.0,0.0,0.0,0.0,0.0,0.0,0.0,0.0,0.0,0.0,0.0,0.0,0.0,jalon daniels,10,,0,,,,,,,,,,,0.0,14.0,,,330,46,151
Jarrett Stidham,QB,DEN,482,169.97,ACTIVE,,0.0,0.0,0.0,0.0,0.0,0.0,0.0,0.0,0.0,0.0,0.0,0.0,0.0,0.0,0.0,0.0,0.0,0.0,jarrett stidham,10,,0,,,,,,,,,,,0.0,14.0,,,331,47,151
Tommy DeVito,QB,NE,483,169.89,ACTIVE,,0.0,0.0,0.0,0.0,0.0,0.0,0.0,0.0,0.0,0.0,0.0,0.0,0.0,0.0,0.0,0.0,0.0,0.0,tommy devito,11,,0,,,,,,,,,,,0.0,14.0,,,332,48,151
Sam Howell,QB,DAL,487,169.88,ACTIVE,,0.0,0.0,0.0,0.0,0.0,0.0,0.0,0.0,0.0,0.0,0.0,0.0,0.0,0.0,0.0,0.0,0.0,0.0,sam howell,14,,0,,,,,,,,,,,0.0,14.0,,,333,49,154
Tanner McKee,QB,PHI,488,169.93,ACTIVE,,0.0,0.0,0.0,0.0,0.0,0.0,0.0,0.0,0.0,0.0,0.0,0.0,0.0,0.0,0.0,0.0,0.0,0.0,tanner mckee,10,,0,,,,,,,,,,,0.0,14.0,,,334,50,154
Savion Williams,WR,GB,1015,169.97,INJURY_RESERVE,,0.0,0.0,0.0,0.0,0.0,0.0,0.0,0.0,0.0,0.0,0.0,0.0,0.0,0.0,0.0,0.0,0.0,0.0,savion williams,11,,0,,,,,,,,,,,5.0,9.0,,,335,123,680
Skyler Bell,WR,BUF,1048,169.85,ACTIVE,,0.0,0.0,0.0,0.0,0.0,0.0,0.0,0.0,0.0,0.0,0.0,0.0,0.0,0.0,0.0,0.0,0.0,0.0,skyler bell,7,,0,,,,,,,,,,,0.0,14.0,,,336,124,712
